<Anims>
 <anim name="hit" root="generator" numframes="350" framerate="40">
  <frame idx="0" w="431" h="830" x="-40.489105" y="-267.460205">
   <element name="generator_base" layername="timeline_0" frame="0" z_index="13" m_a="0.999804" m_b="-0.019798" m_c="0.019798" m_d="0.999804" m_tx="-183.944031" m_ty="-446.456055"/>
   <element name="peephole" layername="timeline_1" frame="0" z_index="14" m_a="0.999804" m_b="-0.019798" m_c="0.019798" m_d="0.999804" m_tx="-183.944031" m_ty="-446.456055"/>
  </frame>
  <frame idx="25" w="423" h="841" x="-36.313911" y="-268.479919">
   <element name="generator_base" layername="timeline_0" frame="0" z_index="13" m_a="0.999986" m_b="-0.005241" m_c="0.005241" m_d="0.999986" m_tx="-176.632248" m_ty="-449.061890"/>
   <element name="peephole" layername="timeline_1" frame="0" z_index="14" m_a="0.999986" m_b="-0.005241" m_c="0.005241" m_d="0.999986" m_tx="-176.632248" m_ty="-449.061890"/>
  </frame>
  <frame idx="50" w="411" h="855" x="-30.316898" y="-269.423737">
   <element name="generator_base" layername="timeline_0" frame="0" z_index="13" m_a="0.999894" m_b="0.014541" m_c="-0.014541" m_d="0.999894" m_tx="-166.634232" m_ty="-452.434418"/>
   <element name="peephole" layername="timeline_1" frame="0" z_index="14" m_a="0.999894" m_b="0.014541" m_c="-0.014541" m_d="0.999894" m_tx="-166.634232" m_ty="-452.434418"/>
  </frame>
  <frame idx="75" w="406" h="860" x="-27.761007" y="-269.904480">
   <element name="generator_base" layername="timeline_0" frame="0" z_index="13" m_a="0.999742" m_b="0.022718" m_c="-0.022718" m_d="0.999742" m_tx="-162.490982" m_ty="-453.803772"/>
   <element name="peephole" layername="timeline_1" frame="0" z_index="14" m_a="0.999742" m_b="0.022718" m_c="-0.022718" m_d="0.999742" m_tx="-162.490982" m_ty="-453.803772"/>
  </frame>
  <frame idx="100" w="419" h="844" x="-34.500000" y="-268.500000">
   <element name="generator_base" layername="timeline_0" frame="0" z_index="13" m_a="1.000000" m_b="0.000000" m_c="0.000000" m_d="1.000000" m_tx="-174.000000" m_ty="-450.000000"/>
   <element name="peephole" layername="timeline_1" frame="0" z_index="14" m_a="1.000000" m_b="0.000000" m_c="0.000000" m_d="1.000000" m_tx="-174.000000" m_ty="-450.000000"/>
  </frame>
  <frame idx="125" w="424" h="839" x="-36.860409" y="-267.984497">
   <element name="generator_base" layername="timeline_0" frame="0" z_index="13" m_a="0.999973" m_b="-0.007390" m_c="0.007390" m_d="0.999973" m_tx="-177.717819" m_ty="-448.688141"/>
   <element name="peephole" layername="timeline_1" frame="0" z_index="14" m_a="0.999973" m_b="-0.007390" m_c="0.007390" m_d="0.999973" m_tx="-177.717819" m_ty="-448.688141"/>
  </frame>
  <frame idx="150" w="425" h="837" x="-37.358025" y="-267.982666">
   <element name="generator_base" layername="timeline_0" frame="0" z_index="13" m_a="0.999956" m_b="-0.009360" m_c="0.009360" m_d="0.999956" m_tx="-178.709015" m_ty="-448.338379"/>
   <element name="peephole" layername="timeline_1" frame="0" z_index="14" m_a="0.999956" m_b="-0.009360" m_c="0.009360" m_d="0.999956" m_tx="-178.709015" m_ty="-448.338379"/>
  </frame>
  <frame idx="175" w="425" h="838" x="-37.085575" y="-267.983521">
   <element name="generator_base" layername="timeline_0" frame="0" z_index="13" m_a="0.999966" m_b="-0.008281" m_c="0.008281" m_d="0.999966" m_tx="-178.166504" m_ty="-448.529785"/>
   <element name="peephole" layername="timeline_1" frame="0" z_index="14" m_a="0.999966" m_b="-0.008281" m_c="0.008281" m_d="0.999966" m_tx="-178.166504" m_ty="-448.529785"/>
  </frame>
  <frame idx="200" w="424" h="839" x="-36.813335" y="-267.984680">
   <element name="generator_base" layername="timeline_0" frame="0" z_index="13" m_a="0.999974" m_b="-0.007203" m_c="0.007203" m_d="0.999974" m_tx="-177.623993" m_ty="-448.721222"/>
   <element name="peephole" layername="timeline_1" frame="0" z_index="14" m_a="0.999974" m_b="-0.007203" m_c="0.007203" m_d="0.999974" m_tx="-177.623993" m_ty="-448.721222"/>
  </frame>
  <frame idx="225" w="424" h="839" x="-36.541306" y="-267.986176">
   <element name="generator_base" layername="timeline_0" frame="0" z_index="13" m_a="0.999981" m_b="-0.006125" m_c="0.006125" m_d="0.999981" m_tx="-177.081482" m_ty="-448.912659"/>
   <element name="peephole" layername="timeline_1" frame="0" z_index="14" m_a="0.999981" m_b="-0.006125" m_c="0.006125" m_d="0.999981" m_tx="-177.081482" m_ty="-448.912659"/>
  </frame>
  <frame idx="250" w="423" h="841" x="-36.269478" y="-268.487915">
   <element name="generator_base" layername="timeline_0" frame="0" z_index="13" m_a="0.999987" m_b="-0.005047" m_c="0.005047" m_d="0.999987" m_tx="-176.538971" m_ty="-449.104095"/>
   <element name="peephole" layername="timeline_1" frame="0" z_index="14" m_a="0.999987" m_b="-0.005047" m_c="0.005047" m_d="0.999987" m_tx="-176.538971" m_ty="-449.104095"/>
  </frame>
  <frame idx="275" w="422" h="842" x="-35.997833" y="-268.489960">
   <element name="generator_base" layername="timeline_0" frame="0" z_index="13" m_a="0.999992" m_b="-0.003968" m_c="0.003968" m_d="0.999992" m_tx="-175.996445" m_ty="-449.295532"/>
   <element name="peephole" layername="timeline_1" frame="0" z_index="14" m_a="0.999992" m_b="-0.003968" m_c="0.003968" m_d="0.999992" m_tx="-175.996445" m_ty="-449.295532"/>
  </frame>
  <frame idx="300" w="422" h="842" x="-35.726410" y="-268.492310">
   <element name="generator_base" layername="timeline_0" frame="0" z_index="13" m_a="0.999996" m_b="-0.002890" m_c="0.002890" m_d="0.999996" m_tx="-175.453934" m_ty="-449.486969"/>
   <element name="peephole" layername="timeline_1" frame="0" z_index="14" m_a="0.999996" m_b="-0.002890" m_c="0.002890" m_d="0.999996" m_tx="-175.453934" m_ty="-449.486969"/>
  </frame>
  <frame idx="325" w="421" h="843" x="-35.455196" y="-268.494934">
   <element name="generator_base" layername="timeline_0" frame="0" z_index="13" m_a="0.999998" m_b="-0.001812" m_c="0.001812" m_d="0.999998" m_tx="-174.911423" m_ty="-449.678406"/>
   <element name="peephole" layername="timeline_1" frame="0" z_index="14" m_a="0.999998" m_b="-0.001812" m_c="0.001812" m_d="0.999998" m_tx="-174.911423" m_ty="-449.678406"/>
  </frame>
 </anim>
 <anim name="idle" root="generator" numframes="50" framerate="40">
  <frame idx="0" w="419" h="844" x="-34.500000" y="-268.500000">
   <element name="generator_base" layername="timeline_0" frame="0" z_index="13" m_a="1.000000" m_b="0.000000" m_c="0.000000" m_d="1.000000" m_tx="-174.000000" m_ty="-450.000000"/>
   <element name="peephole" layername="timeline_1" frame="0" z_index="14" m_a="1.000000" m_b="0.000000" m_c="0.000000" m_d="1.000000" m_tx="-174.000000" m_ty="-450.000000"/>
  </frame>
  <frame idx="25" w="419" h="844" x="-34.500000" y="-268.500000">
   <element name="generator_base" layername="timeline_0" frame="0" z_index="13" m_a="1.000000" m_b="0.000000" m_c="0.000000" m_d="1.000000" m_tx="-174.000000" m_ty="-450.000000"/>
   <element name="peephole" layername="timeline_1" frame="0" z_index="14" m_a="1.000000" m_b="0.000000" m_c="0.000000" m_d="1.000000" m_tx="-174.000000" m_ty="-450.000000"/>
  </frame>
 </anim>
 <anim name="place" root="generator" numframes="350" framerate="40">
  <frame idx="0" w="419" h="1015" x="-34.500000" y="-425.000000">
   <element name="generator_base" layername="timeline_0" frame="0" z_index="13" m_a="1.000000" m_b="0.000000" m_c="0.000000" m_d="1.000000" m_tx="-174.000000" m_ty="-592.000000"/>
   <element name="peephole" layername="timeline_1" frame="0" z_index="14" m_a="1.000000" m_b="0.000000" m_c="0.000000" m_d="1.000000" m_tx="-174.000000" m_ty="-592.000000"/>
  </frame>
  <frame idx="25" w="363" h="1072" x="-30.068060" y="-376.007416">
   <element name="generator_base" layername="timeline_0" frame="0" z_index="13" m_a="0.863835" m_b="0.000000" m_c="0.000000" m_d="1.201660" m_tx="-150.307190" m_ty="-589.325623"/>
   <element name="peephole" layername="timeline_1" frame="0" z_index="14" m_a="0.863835" m_b="0.000000" m_c="0.000000" m_d="1.201660" m_tx="-150.307190" m_ty="-589.325623"/>
  </frame>
  <frame idx="50" w="452" h="820" x="-37.462761" y="-259.871307">
   <element name="generator_base" layername="timeline_0" frame="0" z_index="13" m_a="1.074506" m_b="0.000000" m_c="0.000000" m_d="0.973747" m_tx="-186.964005" m_ty="-436.755524"/>
   <element name="peephole" layername="timeline_1" frame="0" z_index="14" m_a="1.074506" m_b="0.000000" m_c="0.000000" m_d="0.973747" m_tx="-186.964005" m_ty="-436.755524"/>
  </frame>
  <frame idx="75" w="527" h="611" x="-43.372486" y="-184.295547">
   <element name="generator_base" layername="timeline_0" frame="0" z_index="13" m_a="1.255115" m_b="0.000000" m_c="0.000000" m_d="0.743744" m_tx="-218.390060" m_ty="-320.719025"/>
   <element name="peephole" layername="timeline_1" frame="0" z_index="14" m_a="1.255115" m_b="0.000000" m_c="0.000000" m_d="0.743744" m_tx="-218.390060" m_ty="-320.719025"/>
  </frame>
  <frame idx="100" w="403" h="865" x="-33.521355" y="-276.250092">
   <element name="generator_base" layername="timeline_0" frame="0" z_index="13" m_a="0.957265" m_b="0.000000" m_c="0.000000" m_d="1.022772" m_tx="-166.564102" m_ty="-461.488617"/>
   <element name="peephole" layername="timeline_1" frame="0" z_index="14" m_a="0.957265" m_b="0.000000" m_c="0.000000" m_d="1.022772" m_tx="-166.564102" m_ty="-461.488617"/>
  </frame>
  <frame idx="125" w="392" h="886" x="-32.533928" y="-283.632446">
   <element name="generator_base" layername="timeline_0" frame="0" z_index="13" m_a="0.932127" m_b="0.000000" m_c="0.000000" m_d="1.046068" m_tx="-162.190048" m_ty="-473.241669"/>
   <element name="peephole" layername="timeline_1" frame="0" z_index="14" m_a="0.932127" m_b="0.000000" m_c="0.000000" m_d="1.046068" m_tx="-162.190048" m_ty="-473.241669"/>
  </frame>
  <frame idx="150" w="404" h="869" x="-33.519802" y="-277.583405">
   <element name="generator_base" layername="timeline_0" frame="0" z_index="13" m_a="0.960373" m_b="0.000000" m_c="0.000000" m_d="1.028053" m_tx="-167.104889" m_ty="-464.152649"/>
   <element name="peephole" layername="timeline_1" frame="0" z_index="14" m_a="0.960373" m_b="0.000000" m_c="0.000000" m_d="1.028053" m_tx="-167.104889" m_ty="-464.152649"/>
  </frame>
  <frame idx="175" w="419" h="844" x="-34.500000" y="-268.500000">
   <element name="generator_base" layername="timeline_0" frame="0" z_index="13" m_a="1.000000" m_b="0.000000" m_c="0.000000" m_d="1.000000" m_tx="-174.000000" m_ty="-450.000000"/>
   <element name="peephole" layername="timeline_1" frame="0" z_index="14" m_a="1.000000" m_b="0.000000" m_c="0.000000" m_d="1.000000" m_tx="-174.000000" m_ty="-450.000000"/>
  </frame>
  <frame idx="200" w="419" h="844" x="-34.500000" y="-268.500000">
   <element name="generator_base" layername="timeline_0" frame="0" z_index="13" m_a="1.000000" m_b="0.000000" m_c="0.000000" m_d="1.000000" m_tx="-174.000000" m_ty="-450.000000"/>
   <element name="peephole" layername="timeline_1" frame="0" z_index="14" m_a="1.000000" m_b="0.000000" m_c="0.000000" m_d="1.000000" m_tx="-174.000000" m_ty="-450.000000"/>
  </frame>
  <frame idx="225" w="419" h="844" x="-34.500000" y="-268.500000">
   <element name="generator_base" layername="timeline_0" frame="0" z_index="13" m_a="1.000000" m_b="0.000000" m_c="0.000000" m_d="1.000000" m_tx="-174.000000" m_ty="-450.000000"/>
   <element name="peephole" layername="timeline_1" frame="0" z_index="14" m_a="1.000000" m_b="0.000000" m_c="0.000000" m_d="1.000000" m_tx="-174.000000" m_ty="-450.000000"/>
  </frame>
  <frame idx="250" w="419" h="844" x="-34.500000" y="-268.500000">
   <element name="generator_base" layername="timeline_0" frame="0" z_index="13" m_a="1.000000" m_b="0.000000" m_c="0.000000" m_d="1.000000" m_tx="-174.000000" m_ty="-450.000000"/>
   <element name="peephole" layername="timeline_1" frame="0" z_index="14" m_a="1.000000" m_b="0.000000" m_c="0.000000" m_d="1.000000" m_tx="-174.000000" m_ty="-450.000000"/>
  </frame>
  <frame idx="275" w="419" h="844" x="-34.500000" y="-268.500000">
   <element name="generator_base" layername="timeline_0" frame="0" z_index="13" m_a="1.000000" m_b="0.000000" m_c="0.000000" m_d="1.000000" m_tx="-174.000000" m_ty="-450.000000"/>
   <element name="peephole" layername="timeline_1" frame="0" z_index="14" m_a="1.000000" m_b="0.000000" m_c="0.000000" m_d="1.000000" m_tx="-174.000000" m_ty="-450.000000"/>
  </frame>
  <frame idx="300" w="419" h="844" x="-34.500000" y="-268.500000">
   <element name="generator_base" layername="timeline_0" frame="0" z_index="13" m_a="1.000000" m_b="0.000000" m_c="0.000000" m_d="1.000000" m_tx="-174.000000" m_ty="-450.000000"/>
   <element name="peephole" layername="timeline_1" frame="0" z_index="14" m_a="1.000000" m_b="0.000000" m_c="0.000000" m_d="1.000000" m_tx="-174.000000" m_ty="-450.000000"/>
  </frame>
  <frame idx="325" w="419" h="844" x="-34.500000" y="-268.500000">
   <element name="generator_base" layername="timeline_0" frame="0" z_index="13" m_a="1.000000" m_b="0.000000" m_c="0.000000" m_d="1.000000" m_tx="-174.000000" m_ty="-450.000000"/>
   <element name="peephole" layername="timeline_1" frame="0" z_index="14" m_a="1.000000" m_b="0.000000" m_c="0.000000" m_d="1.000000" m_tx="-174.000000" m_ty="-450.000000"/>
  </frame>
 </anim>
 <anim name="low" root="generator" numframes="50" framerate="40">
  <frame idx="0" w="419" h="844" x="-34.500000" y="-268.500000">
   <element name="peephole" layername="timeline_0" frame="1" z_index="14" m_a="1.000000" m_b="0.000000" m_c="0.000000" m_d="1.000000" m_tx="-174.000000" m_ty="-450.000000"/>
   <element name="heat_overlay" layername="timeline_1" frame="0" z_index="13" m_a="1.000000" m_b="0.000000" m_c="0.000000" m_d="1.000000" m_tx="-174.000000" m_ty="-450.000000"/>
  </frame>
  <frame idx="25" w="419" h="844" x="-34.500000" y="-268.500000">
   <element name="peephole" layername="timeline_0" frame="1" z_index="14" m_a="1.000000" m_b="0.000000" m_c="0.000000" m_d="1.000000" m_tx="-174.000000" m_ty="-450.000000"/>
   <element name="heat_overlay" layername="timeline_1" frame="0" z_index="13" m_a="1.000000" m_b="0.000000" m_c="0.000000" m_d="1.000000" m_tx="-174.000000" m_ty="-450.000000"/>
  </frame>
 </anim>
 <anim name="medium" root="generator" numframes="50" framerate="40">
  <frame idx="0" w="419" h="844" x="-34.500000" y="-268.500000">
   <element name="heat_overlay" layername="timeline_0" frame="1" z_index="13" m_a="1.000000" m_b="0.000000" m_c="0.000000" m_d="1.000000" m_tx="-174.000000" m_ty="-450.000000"/>
   <element name="peephole" layername="timeline_1" frame="2" z_index="14" m_a="1.000000" m_b="0.000000" m_c="0.000000" m_d="1.000000" m_tx="-174.000000" m_ty="-450.000000"/>
  </frame>
  <frame idx="25" w="419" h="844" x="-34.500000" y="-268.500000">
   <element name="heat_overlay" layername="timeline_0" frame="1" z_index="13" m_a="1.000000" m_b="0.000000" m_c="0.000000" m_d="1.000000" m_tx="-174.000000" m_ty="-450.000000"/>
   <element name="peephole" layername="timeline_1" frame="2" z_index="14" m_a="1.000000" m_b="0.000000" m_c="0.000000" m_d="1.000000" m_tx="-174.000000" m_ty="-450.000000"/>
  </frame>
 </anim>
 <anim name="high" root="generator" numframes="50" framerate="40">
  <frame idx="0" w="419" h="844" x="-34.500000" y="-268.500000">
   <element name="peephole" layername="timeline_0" frame="3" z_index="14" m_a="1.000000" m_b="0.000000" m_c="0.000000" m_d="1.000000" m_tx="-174.000000" m_ty="-450.000000"/>
   <element name="heat_overlay" layername="timeline_1" frame="2" z_index="13" m_a="1.000000" m_b="0.000000" m_c="0.000000" m_d="1.000000" m_tx="-174.000000" m_ty="-450.000000"/>
  </frame>
  <frame idx="25" w="419" h="844" x="-34.500000" y="-268.500000">
   <element name="peephole" layername="timeline_0" frame="3" z_index="14" m_a="1.000000" m_b="0.000000" m_c="0.000000" m_d="1.000000" m_tx="-174.000000" m_ty="-450.000000"/>
   <element name="heat_overlay" layername="timeline_1" frame="2" z_index="13" m_a="1.000000" m_b="0.000000" m_c="0.000000" m_d="1.000000" m_tx="-174.000000" m_ty="-450.000000"/>
  </frame>
 </anim>
 <anim name="full" root="generator" numframes="50" framerate="40">
  <frame idx="0" w="419" h="844" x="-34.500000" y="-268.500000">
   <element name="heat_overlay" layername="timeline_0" frame="3" z_index="13" m_a="1.000000" m_b="0.000000" m_c="0.000000" m_d="1.000000" m_tx="-174.000000" m_ty="-450.000000"/>
   <element name="peephole" layername="timeline_1" frame="4" z_index="14" m_a="1.000000" m_b="0.000000" m_c="0.000000" m_d="1.000000" m_tx="-174.000000" m_ty="-450.000000"/>
  </frame>
  <frame idx="25" w="419" h="844" x="-34.500000" y="-268.500000">
   <element name="heat_overlay" layername="timeline_0" frame="3" z_index="13" m_a="1.000000" m_b="0.000000" m_c="0.000000" m_d="1.000000" m_tx="-174.000000" m_ty="-450.000000"/>
   <element name="peephole" layername="timeline_1" frame="4" z_index="14" m_a="1.000000" m_b="0.000000" m_c="0.000000" m_d="1.000000" m_tx="-174.000000" m_ty="-450.000000"/>
  </frame>
 </anim>
</Anims>
