<Anims>
 <anim name="hit" root="energy_cell" numframes="350" framerate="40">
  <frame idx="0" w="290" h="635" x="-33.773212" y="-203.429184">
   <element name="cell_base" layername="timeline_0" frame="0" z_index="73" m_a="0.999860" m_b="-0.016743" m_c="0.016743" m_d="0.999860" m_tx="-129.530136" m_ty="-343.942810"/>
   <element name="underlay" layername="timeline_1" frame="0" z_index="74" m_a="0.999860" m_b="-0.016743" m_c="0.016743" m_d="0.999860" m_tx="2.603064" m_ty="-271.074860"/>
  </frame>
  <frame idx="25" w="284" h="641" x="-30.866486" y="-203.986526">
   <element name="cell_base" layername="timeline_0" frame="0" z_index="73" m_a="0.999990" m_b="-0.004432" m_c="0.004432" m_d="0.999990" m_tx="-124.731842" m_ty="-345.466034"/>
   <element name="underlay" layername="timeline_1" frame="0" z_index="74" m_a="0.999990" m_b="-0.004432" m_c="0.004432" m_d="0.999990" m_tx="6.494000" m_ty="-270.968231"/>
  </frame>
  <frame idx="50" w="270" h="657" x="-23.574146" y="-205.470413">
   <element name="cell_base" layername="timeline_0" frame="0" z_index="73" m_a="0.999683" m_b="0.025173" m_c="-0.025173" m_d="0.999683" m_tx="-113.115753" m_ty="-348.853699"/>
   <element name="underlay" layername="timeline_1" frame="0" z_index="74" m_a="0.999683" m_b="0.025173" m_c="-0.025173" m_d="0.999683" m_tx="15.841220" m_ty="-270.406372"/>
  </frame>
  <frame idx="75" w="263" h="663" x="-20.303743" y="-205.899521">
   <element name="cell_base" layername="timeline_0" frame="0" z_index="73" m_a="0.999226" m_b="0.039327" m_c="-0.039327" m_d="0.999226" m_tx="-107.524834" m_ty="-350.349518"/>
   <element name="underlay" layername="timeline_1" frame="0" z_index="74" m_a="0.999226" m_b="0.039327" m_c="-0.039327" m_d="0.999226" m_tx="20.311115" m_ty="-270.111908"/>
  </frame>
  <frame idx="100" w="281" h="644" x="-29.499901" y="-204.499908">
   <element name="cell_base" layername="timeline_0" frame="0" z_index="73" m_a="1.000000" m_b="0.000000" m_c="0.000000" m_d="1.000000" m_tx="-122.999901" m_ty="-345.999908"/>
   <element name="underlay" layername="timeline_1" frame="0" z_index="74" m_a="1.000000" m_b="0.000000" m_c="0.000000" m_d="1.000000" m_tx="7.894737" m_ty="-270.929840"/>
  </frame>
  <frame idx="125" w="287" h="638" x="-32.143921" y="-203.955887">
   <element name="cell_base" layername="timeline_0" frame="0" z_index="73" m_a="0.999940" m_b="-0.010973" m_c="0.010973" m_d="0.999940" m_tx="-127.282196" m_ty="-344.660217"/>
   <element name="underlay" layername="timeline_1" frame="0" z_index="74" m_a="0.999940" m_b="-0.010973" m_c="0.010973" m_d="0.999940" m_tx="4.428161" m_ty="-271.024200"/>
  </frame>
  <frame idx="150" w="288" h="636" x="-32.715443" y="-203.440201">
   <element name="cell_base" layername="timeline_0" frame="0" z_index="73" m_a="0.999903" m_b="-0.013899" m_c="0.013899" m_d="0.999903" m_tx="-128.421387" m_ty="-344.295135"/>
   <element name="underlay" layername="timeline_1" frame="0" z_index="74" m_a="0.999903" m_b="-0.013899" m_c="0.013899" m_d="0.999903" m_tx="3.503939" m_ty="-271.049347"/>
  </frame>
  <frame idx="175" w="287" h="638" x="-32.402641" y="-203.948990">
   <element name="cell_base" layername="timeline_0" frame="0" z_index="73" m_a="0.999924" m_b="-0.012298" m_c="0.012298" m_d="0.999924" m_tx="-127.798012" m_ty="-344.495361"/>
   <element name="underlay" layername="timeline_1" frame="0" z_index="74" m_a="0.999924" m_b="-0.012298" m_c="0.012298" m_d="0.999924" m_tx="4.009791" m_ty="-271.035583"/>
  </frame>
  <frame idx="200" w="287" h="638" x="-32.089821" y="-203.957291">
   <element name="cell_base" layername="timeline_0" frame="0" z_index="73" m_a="0.999943" m_b="-0.010697" m_c="0.010697" m_d="0.999943" m_tx="-127.174309" m_ty="-344.694611"/>
   <element name="underlay" layername="timeline_1" frame="0" z_index="74" m_a="0.999943" m_b="-0.010697" m_c="0.010697" m_d="0.999943" m_tx="4.515644" m_ty="-271.021820"/>
  </frame>
  <frame idx="225" w="286" h="639" x="-31.776985" y="-203.965088">
   <element name="cell_base" layername="timeline_0" frame="0" z_index="73" m_a="0.999959" m_b="-0.009095" m_c="0.009095" m_d="0.999959" m_tx="-126.550285" m_ty="-344.892853"/>
   <element name="underlay" layername="timeline_1" frame="0" z_index="74" m_a="0.999959" m_b="-0.009095" m_c="0.009095" m_d="0.999959" m_tx="5.021496" m_ty="-271.008057"/>
  </frame>
  <frame idx="250" w="285" h="640" x="-31.464148" y="-203.972382">
   <element name="cell_base" layername="timeline_0" frame="0" z_index="73" m_a="0.999972" m_b="-0.007494" m_c="0.007494" m_d="0.999972" m_tx="-125.925957" m_ty="-345.090088"/>
   <element name="underlay" layername="timeline_1" frame="0" z_index="74" m_a="0.999972" m_b="-0.007494" m_c="0.007494" m_d="0.999972" m_tx="5.527349" m_ty="-270.994293"/>
  </frame>
  <frame idx="275" w="285" h="640" x="-31.151293" y="-203.979202">
   <element name="cell_base" layername="timeline_0" frame="0" z_index="73" m_a="0.999983" m_b="-0.005893" m_c="0.005893" m_d="0.999983" m_tx="-125.301308" m_ty="-345.286346"/>
   <element name="underlay" layername="timeline_1" frame="0" z_index="74" m_a="0.999983" m_b="-0.005893" m_c="0.005893" m_d="0.999983" m_tx="6.033201" m_ty="-270.980499"/>
  </frame>
  <frame idx="300" w="284" h="641" x="-30.838421" y="-203.985504">
   <element name="cell_base" layername="timeline_0" frame="0" z_index="73" m_a="0.999991" m_b="-0.004292" m_c="0.004292" m_d="0.999991" m_tx="-124.676338" m_ty="-345.481598"/>
   <element name="underlay" layername="timeline_1" frame="0" z_index="74" m_a="0.999991" m_b="-0.004292" m_c="0.004292" m_d="0.999991" m_tx="6.539052" m_ty="-270.966736"/>
  </frame>
  <frame idx="325" w="284" h="642" x="-30.525555" y="-203.991302">
   <element name="cell_base" layername="timeline_0" frame="0" z_index="73" m_a="0.999996" m_b="-0.002690" m_c="0.002690" m_d="0.999996" m_tx="-124.051064" m_ty="-345.675842"/>
   <element name="underlay" layername="timeline_1" frame="0" z_index="74" m_a="0.999996" m_b="-0.002690" m_c="0.002690" m_d="0.999996" m_tx="7.044905" m_ty="-270.952972"/>
  </frame>
 </anim>
 <anim name="idle" root="energy_cell" numframes="50" framerate="40">
  <frame idx="0" w="281" h="644" x="-29.500000" y="-204.500000">
   <element name="cell_base" layername="timeline_0" frame="0" z_index="73" m_a="1.000000" m_b="0.000000" m_c="0.000000" m_d="1.000000" m_tx="-123.000000" m_ty="-346.000000"/>
   <element name="underlay" layername="timeline_1" frame="0" z_index="74" m_a="1.000000" m_b="0.000000" m_c="0.000000" m_d="1.000000" m_tx="7.894737" m_ty="-270.929840"/>
  </frame>
  <frame idx="25" w="281" h="644" x="-29.500000" y="-204.500000">
   <element name="cell_base" layername="timeline_0" frame="0" z_index="73" m_a="1.000000" m_b="0.000000" m_c="0.000000" m_d="1.000000" m_tx="-123.000000" m_ty="-346.000000"/>
   <element name="underlay" layername="timeline_1" frame="0" z_index="74" m_a="1.000000" m_b="0.000000" m_c="0.000000" m_d="1.000000" m_tx="7.894737" m_ty="-270.929840"/>
  </frame>
 </anim>
 <anim name="21" root="energy_cell" numframes="50" framerate="40">
  <frame idx="0" w="281" h="644" x="-29.500000" y="-204.500000">
   <element name="cell_base" layername="timeline_0" frame="0" z_index="72" m_a="1.000000" m_b="0.000000" m_c="0.000000" m_d="1.000000" m_tx="-123.000000" m_ty="-346.000000"/>
   <element name="underlay" layername="timeline_1" frame="0" z_index="74" m_a="1.000000" m_b="0.000000" m_c="0.000000" m_d="1.000000" m_tx="7.894737" m_ty="-270.929840"/>
   <element name="meter" layername="timeline_2" frame="0" z_index="73" m_a="1.000000" m_b="0.000000" m_c="0.000000" m_d="1.000000" m_tx="9.406360" m_ty="-266.060059"/>
  </frame>
  <frame idx="25" w="281" h="644" x="-29.500000" y="-204.500000">
   <element name="cell_base" layername="timeline_0" frame="0" z_index="72" m_a="1.000000" m_b="0.000000" m_c="0.000000" m_d="1.000000" m_tx="-123.000000" m_ty="-346.000000"/>
   <element name="underlay" layername="timeline_1" frame="0" z_index="74" m_a="1.000000" m_b="0.000000" m_c="0.000000" m_d="1.000000" m_tx="7.894737" m_ty="-270.929840"/>
   <element name="meter" layername="timeline_2" frame="0" z_index="73" m_a="1.000000" m_b="0.000000" m_c="0.000000" m_d="1.000000" m_tx="9.406360" m_ty="-266.060059"/>
  </frame>
 </anim>
 <anim name="20" root="energy_cell" numframes="50" framerate="40">
  <frame idx="0" w="281" h="644" x="-29.500000" y="-204.500000">
   <element name="cell_base" layername="timeline_0" frame="0" z_index="72" m_a="1.000000" m_b="0.000000" m_c="0.000000" m_d="1.000000" m_tx="-123.000000" m_ty="-346.000000"/>
   <element name="underlay" layername="timeline_1" frame="0" z_index="74" m_a="1.000000" m_b="0.000000" m_c="0.000000" m_d="1.000000" m_tx="7.894737" m_ty="-270.929840"/>
   <element name="meter" layername="timeline_2" frame="2" z_index="73" m_a="1.000000" m_b="0.000000" m_c="0.000000" m_d="1.000000" m_tx="9.765363" m_ty="-256.620117"/>
  </frame>
  <frame idx="25" w="281" h="644" x="-29.500000" y="-204.500000">
   <element name="cell_base" layername="timeline_0" frame="0" z_index="72" m_a="1.000000" m_b="0.000000" m_c="0.000000" m_d="1.000000" m_tx="-123.000000" m_ty="-346.000000"/>
   <element name="underlay" layername="timeline_1" frame="0" z_index="74" m_a="1.000000" m_b="0.000000" m_c="0.000000" m_d="1.000000" m_tx="7.894737" m_ty="-270.929840"/>
   <element name="meter" layername="timeline_2" frame="2" z_index="73" m_a="1.000000" m_b="0.000000" m_c="0.000000" m_d="1.000000" m_tx="9.765363" m_ty="-256.620117"/>
  </frame>
 </anim>
 <anim name="19" root="energy_cell" numframes="50" framerate="40">
  <frame idx="0" w="281" h="644" x="-29.500000" y="-204.500000">
   <element name="cell_base" layername="timeline_0" frame="0" z_index="72" m_a="1.000000" m_b="0.000000" m_c="0.000000" m_d="1.000000" m_tx="-123.000000" m_ty="-346.000000"/>
   <element name="underlay" layername="timeline_1" frame="0" z_index="74" m_a="1.000000" m_b="0.000000" m_c="0.000000" m_d="1.000000" m_tx="7.894737" m_ty="-270.929840"/>
   <element name="meter" layername="timeline_2" frame="3" z_index="73" m_a="1.000000" m_b="0.000000" m_c="0.000000" m_d="1.000000" m_tx="10.324022" m_ty="-244.329605"/>
  </frame>
  <frame idx="25" w="281" h="644" x="-29.500000" y="-204.500000">
   <element name="cell_base" layername="timeline_0" frame="0" z_index="72" m_a="1.000000" m_b="0.000000" m_c="0.000000" m_d="1.000000" m_tx="-123.000000" m_ty="-346.000000"/>
   <element name="underlay" layername="timeline_1" frame="0" z_index="74" m_a="1.000000" m_b="0.000000" m_c="0.000000" m_d="1.000000" m_tx="7.894737" m_ty="-270.929840"/>
   <element name="meter" layername="timeline_2" frame="3" z_index="73" m_a="1.000000" m_b="0.000000" m_c="0.000000" m_d="1.000000" m_tx="10.324022" m_ty="-244.329605"/>
  </frame>
 </anim>
 <anim name="18" root="energy_cell" numframes="50" framerate="40">
  <frame idx="0" w="281" h="644" x="-29.500000" y="-204.500000">
   <element name="cell_base" layername="timeline_0" frame="0" z_index="72" m_a="1.000000" m_b="0.000000" m_c="0.000000" m_d="1.000000" m_tx="-123.000000" m_ty="-346.000000"/>
   <element name="underlay" layername="timeline_1" frame="0" z_index="74" m_a="1.000000" m_b="0.000000" m_c="0.000000" m_d="1.000000" m_tx="7.894737" m_ty="-270.929840"/>
   <element name="meter" layername="timeline_2" frame="4" z_index="73" m_a="1.000000" m_b="0.000000" m_c="0.000000" m_d="1.000000" m_tx="10.324022" m_ty="-234.391068"/>
  </frame>
  <frame idx="25" w="281" h="644" x="-29.500000" y="-204.500000">
   <element name="cell_base" layername="timeline_0" frame="0" z_index="72" m_a="1.000000" m_b="0.000000" m_c="0.000000" m_d="1.000000" m_tx="-123.000000" m_ty="-346.000000"/>
   <element name="underlay" layername="timeline_1" frame="0" z_index="74" m_a="1.000000" m_b="0.000000" m_c="0.000000" m_d="1.000000" m_tx="7.894737" m_ty="-270.929840"/>
   <element name="meter" layername="timeline_2" frame="4" z_index="73" m_a="1.000000" m_b="0.000000" m_c="0.000000" m_d="1.000000" m_tx="10.324022" m_ty="-234.391068"/>
  </frame>
 </anim>
 <anim name="17" root="energy_cell" numframes="50" framerate="40">
  <frame idx="0" w="281" h="644" x="-29.500000" y="-204.500000">
   <element name="cell_base" layername="timeline_0" frame="0" z_index="72" m_a="1.000000" m_b="0.000000" m_c="0.000000" m_d="1.000000" m_tx="-123.000000" m_ty="-346.000000"/>
   <element name="underlay" layername="timeline_1" frame="0" z_index="74" m_a="1.000000" m_b="0.000000" m_c="0.000000" m_d="1.000000" m_tx="7.894737" m_ty="-270.929840"/>
   <element name="meter" layername="timeline_2" frame="5" z_index="73" m_a="1.000000" m_b="0.000000" m_c="0.000000" m_d="1.000000" m_tx="9.206704" m_ty="-223.776535"/>
  </frame>
  <frame idx="25" w="281" h="644" x="-29.500000" y="-204.500000">
   <element name="cell_base" layername="timeline_0" frame="0" z_index="72" m_a="1.000000" m_b="0.000000" m_c="0.000000" m_d="1.000000" m_tx="-123.000000" m_ty="-346.000000"/>
   <element name="underlay" layername="timeline_1" frame="0" z_index="74" m_a="1.000000" m_b="0.000000" m_c="0.000000" m_d="1.000000" m_tx="7.894737" m_ty="-270.929840"/>
   <element name="meter" layername="timeline_2" frame="5" z_index="73" m_a="1.000000" m_b="0.000000" m_c="0.000000" m_d="1.000000" m_tx="9.579839" m_ty="-223.776535"/>
  </frame>
 </anim>
 <anim name="16" root="energy_cell" numframes="50" framerate="40">
  <frame idx="0" w="281" h="644" x="-29.500000" y="-204.500000">
   <element name="cell_base" layername="timeline_0" frame="0" z_index="72" m_a="1.000000" m_b="0.000000" m_c="0.000000" m_d="1.000000" m_tx="-123.000000" m_ty="-346.000000"/>
   <element name="underlay" layername="timeline_1" frame="0" z_index="74" m_a="1.000000" m_b="0.000000" m_c="0.000000" m_d="1.000000" m_tx="7.894737" m_ty="-270.929840"/>
   <element name="meter" layername="timeline_2" frame="6" z_index="73" m_a="1.000000" m_b="0.000000" m_c="0.000000" m_d="1.000000" m_tx="8.765363" m_ty="-210.251404"/>
  </frame>
  <frame idx="25" w="281" h="644" x="-29.500000" y="-204.500000">
   <element name="cell_base" layername="timeline_0" frame="0" z_index="72" m_a="1.000000" m_b="0.000000" m_c="0.000000" m_d="1.000000" m_tx="-123.000000" m_ty="-346.000000"/>
   <element name="underlay" layername="timeline_1" frame="0" z_index="74" m_a="1.000000" m_b="0.000000" m_c="0.000000" m_d="1.000000" m_tx="7.894737" m_ty="-270.929840"/>
   <element name="meter" layername="timeline_2" frame="6" z_index="73" m_a="1.000000" m_b="0.000000" m_c="0.000000" m_d="1.000000" m_tx="9.138497" m_ty="-210.251404"/>
  </frame>
 </anim>
 <anim name="15" root="energy_cell" numframes="50" framerate="40">
  <frame idx="0" w="281" h="644" x="-29.500000" y="-204.500000">
   <element name="cell_base" layername="timeline_0" frame="0" z_index="72" m_a="1.000000" m_b="0.000000" m_c="0.000000" m_d="1.000000" m_tx="-123.000000" m_ty="-346.000000"/>
   <element name="underlay" layername="timeline_1" frame="0" z_index="74" m_a="1.000000" m_b="0.000000" m_c="0.000000" m_d="1.000000" m_tx="7.894737" m_ty="-270.929840"/>
   <element name="meter" layername="timeline_2" frame="7" z_index="73" m_a="1.000000" m_b="0.000000" m_c="0.000000" m_d="1.000000" m_tx="8.765363" m_ty="-199.195526"/>
  </frame>
  <frame idx="25" w="281" h="644" x="-29.500000" y="-204.500000">
   <element name="cell_base" layername="timeline_0" frame="0" z_index="72" m_a="1.000000" m_b="0.000000" m_c="0.000000" m_d="1.000000" m_tx="-123.000000" m_ty="-346.000000"/>
   <element name="underlay" layername="timeline_1" frame="0" z_index="74" m_a="1.000000" m_b="0.000000" m_c="0.000000" m_d="1.000000" m_tx="7.894737" m_ty="-270.929840"/>
   <element name="meter" layername="timeline_2" frame="7" z_index="73" m_a="1.000000" m_b="0.000000" m_c="0.000000" m_d="1.000000" m_tx="8.765363" m_ty="-199.195526"/>
  </frame>
 </anim>
 <anim name="14" root="energy_cell" numframes="50" framerate="40">
  <frame idx="0" w="281" h="644" x="-29.500000" y="-204.500000">
   <element name="cell_base" layername="timeline_0" frame="0" z_index="72" m_a="1.000000" m_b="0.000000" m_c="0.000000" m_d="1.000000" m_tx="-123.000000" m_ty="-346.000000"/>
   <element name="underlay" layername="timeline_1" frame="0" z_index="74" m_a="1.000000" m_b="0.000000" m_c="0.000000" m_d="1.000000" m_tx="7.894737" m_ty="-270.929840"/>
   <element name="meter" layername="timeline_2" frame="8" z_index="73" m_a="1.000000" m_b="0.000000" m_c="0.000000" m_d="1.000000" m_tx="10.441341" m_ty="-189.022339"/>
  </frame>
  <frame idx="25" w="281" h="644" x="-29.500000" y="-204.500000">
   <element name="cell_base" layername="timeline_0" frame="0" z_index="72" m_a="1.000000" m_b="0.000000" m_c="0.000000" m_d="1.000000" m_tx="-123.000000" m_ty="-346.000000"/>
   <element name="underlay" layername="timeline_1" frame="0" z_index="74" m_a="1.000000" m_b="0.000000" m_c="0.000000" m_d="1.000000" m_tx="7.894737" m_ty="-270.929840"/>
   <element name="meter" layername="timeline_2" frame="8" z_index="73" m_a="1.000000" m_b="0.000000" m_c="0.000000" m_d="1.000000" m_tx="10.441341" m_ty="-189.022339"/>
  </frame>
 </anim>
 <anim name="13" root="energy_cell" numframes="50" framerate="40">
  <frame idx="0" w="281" h="644" x="-29.500000" y="-204.500000">
   <element name="cell_base" layername="timeline_0" frame="0" z_index="72" m_a="1.000000" m_b="0.000000" m_c="0.000000" m_d="1.000000" m_tx="-123.000000" m_ty="-346.000000"/>
   <element name="underlay" layername="timeline_1" frame="0" z_index="74" m_a="1.000000" m_b="0.000000" m_c="0.000000" m_d="1.000000" m_tx="7.894737" m_ty="-270.929840"/>
   <element name="meter" layername="timeline_2" frame="9" z_index="73" m_a="1.000000" m_b="0.000000" m_c="0.000000" m_d="1.000000" m_tx="10.206704" m_ty="-174.055862"/>
  </frame>
  <frame idx="25" w="281" h="644" x="-29.500000" y="-204.500000">
   <element name="cell_base" layername="timeline_0" frame="0" z_index="72" m_a="1.000000" m_b="0.000000" m_c="0.000000" m_d="1.000000" m_tx="-123.000000" m_ty="-346.000000"/>
   <element name="underlay" layername="timeline_1" frame="0" z_index="74" m_a="1.000000" m_b="0.000000" m_c="0.000000" m_d="1.000000" m_tx="7.894737" m_ty="-270.929840"/>
   <element name="meter" layername="timeline_2" frame="9" z_index="73" m_a="1.000000" m_b="0.000000" m_c="0.000000" m_d="1.000000" m_tx="10.206704" m_ty="-174.055862"/>
  </frame>
 </anim>
 <anim name="12" root="energy_cell" numframes="50" framerate="40">
  <frame idx="0" w="281" h="644" x="-29.500000" y="-204.500000">
   <element name="cell_base" layername="timeline_0" frame="0" z_index="72" m_a="1.000000" m_b="0.000000" m_c="0.000000" m_d="1.000000" m_tx="-123.000000" m_ty="-346.000000"/>
   <element name="underlay" layername="timeline_1" frame="0" z_index="74" m_a="1.000000" m_b="0.000000" m_c="0.000000" m_d="1.000000" m_tx="7.894737" m_ty="-270.929840"/>
   <element name="meter" layername="timeline_2" frame="10" z_index="73" m_a="1.000000" m_b="0.000000" m_c="0.000000" m_d="1.000000" m_tx="10.324022" m_ty="-162.765366"/>
  </frame>
  <frame idx="25" w="281" h="644" x="-29.500000" y="-204.500000">
   <element name="cell_base" layername="timeline_0" frame="0" z_index="72" m_a="1.000000" m_b="0.000000" m_c="0.000000" m_d="1.000000" m_tx="-123.000000" m_ty="-346.000000"/>
   <element name="underlay" layername="timeline_1" frame="0" z_index="74" m_a="1.000000" m_b="0.000000" m_c="0.000000" m_d="1.000000" m_tx="7.894737" m_ty="-270.929840"/>
   <element name="meter" layername="timeline_2" frame="10" z_index="73" m_a="1.000000" m_b="0.000000" m_c="0.000000" m_d="1.000000" m_tx="10.324022" m_ty="-162.765366"/>
  </frame>
 </anim>
 <anim name="11" root="energy_cell" numframes="50" framerate="40">
  <frame idx="0" w="281" h="644" x="-29.500000" y="-204.500000">
   <element name="cell_base" layername="timeline_0" frame="0" z_index="72" m_a="1.000000" m_b="0.000000" m_c="0.000000" m_d="1.000000" m_tx="-123.000000" m_ty="-346.000000"/>
   <element name="underlay" layername="timeline_1" frame="0" z_index="74" m_a="1.000000" m_b="0.000000" m_c="0.000000" m_d="1.000000" m_tx="7.894737" m_ty="-270.929840"/>
   <element name="meter" layername="timeline_2" frame="11" z_index="73" m_a="1.000000" m_b="0.000000" m_c="0.000000" m_d="1.000000" m_tx="10.441341" m_ty="-149.357544"/>
  </frame>
  <frame idx="25" w="281" h="644" x="-29.500000" y="-204.500000">
   <element name="cell_base" layername="timeline_0" frame="0" z_index="72" m_a="1.000000" m_b="0.000000" m_c="0.000000" m_d="1.000000" m_tx="-123.000000" m_ty="-346.000000"/>
   <element name="underlay" layername="timeline_1" frame="0" z_index="74" m_a="1.000000" m_b="0.000000" m_c="0.000000" m_d="1.000000" m_tx="7.894737" m_ty="-270.929840"/>
   <element name="meter" layername="timeline_2" frame="11" z_index="73" m_a="1.000000" m_b="0.000000" m_c="0.000000" m_d="1.000000" m_tx="10.441341" m_ty="-149.357544"/>
  </frame>
 </anim>
 <anim name="10" root="energy_cell" numframes="50" framerate="40">
  <frame idx="0" w="281" h="644" x="-29.500000" y="-204.500000">
   <element name="cell_base" layername="timeline_0" frame="0" z_index="72" m_a="1.000000" m_b="0.000000" m_c="0.000000" m_d="1.000000" m_tx="-123.000000" m_ty="-346.000000"/>
   <element name="underlay" layername="timeline_1" frame="0" z_index="74" m_a="1.000000" m_b="0.000000" m_c="0.000000" m_d="1.000000" m_tx="7.894737" m_ty="-270.929840"/>
   <element name="meter" layername="timeline_2" frame="12" z_index="73" m_a="1.000000" m_b="0.000000" m_c="0.000000" m_d="1.000000" m_tx="9.765363" m_ty="-136.743011"/>
  </frame>
  <frame idx="25" w="281" h="644" x="-29.500000" y="-204.500000">
   <element name="cell_base" layername="timeline_0" frame="0" z_index="72" m_a="1.000000" m_b="0.000000" m_c="0.000000" m_d="1.000000" m_tx="-123.000000" m_ty="-346.000000"/>
   <element name="underlay" layername="timeline_1" frame="0" z_index="74" m_a="1.000000" m_b="0.000000" m_c="0.000000" m_d="1.000000" m_tx="7.894737" m_ty="-270.929840"/>
   <element name="meter" layername="timeline_2" frame="12" z_index="73" m_a="1.000000" m_b="0.000000" m_c="0.000000" m_d="1.000000" m_tx="9.765363" m_ty="-136.743011"/>
  </frame>
 </anim>
 <anim name="9" root="energy_cell" numframes="50" framerate="40">
  <frame idx="0" w="281" h="644" x="-29.500000" y="-204.500000">
   <element name="cell_base" layername="timeline_0" frame="0" z_index="72" m_a="1.000000" m_b="0.000000" m_c="0.000000" m_d="1.000000" m_tx="-123.000000" m_ty="-346.000000"/>
   <element name="underlay" layername="timeline_1" frame="0" z_index="74" m_a="1.000000" m_b="0.000000" m_c="0.000000" m_d="1.000000" m_tx="7.894737" m_ty="-270.929840"/>
   <element name="meter" layername="timeline_2" frame="13" z_index="73" m_a="1.000000" m_b="0.000000" m_c="0.000000" m_d="1.000000" m_tx="10.324022" m_ty="-127.569832"/>
  </frame>
  <frame idx="25" w="281" h="644" x="-29.500000" y="-204.500000">
   <element name="cell_base" layername="timeline_0" frame="0" z_index="72" m_a="1.000000" m_b="0.000000" m_c="0.000000" m_d="1.000000" m_tx="-123.000000" m_ty="-346.000000"/>
   <element name="underlay" layername="timeline_1" frame="0" z_index="74" m_a="1.000000" m_b="0.000000" m_c="0.000000" m_d="1.000000" m_tx="7.894737" m_ty="-270.929840"/>
   <element name="meter" layername="timeline_2" frame="13" z_index="73" m_a="1.000000" m_b="0.000000" m_c="0.000000" m_d="1.000000" m_tx="10.324022" m_ty="-127.569832"/>
  </frame>
 </anim>
 <anim name="8" root="energy_cell" numframes="50" framerate="40">
  <frame idx="0" w="281" h="644" x="-29.500000" y="-204.500000">
   <element name="cell_base" layername="timeline_0" frame="0" z_index="72" m_a="1.000000" m_b="0.000000" m_c="0.000000" m_d="1.000000" m_tx="-123.000000" m_ty="-346.000000"/>
   <element name="underlay" layername="timeline_1" frame="0" z_index="74" m_a="1.000000" m_b="0.000000" m_c="0.000000" m_d="1.000000" m_tx="7.894737" m_ty="-270.929840"/>
   <element name="meter" layername="timeline_2" frame="14" z_index="73" m_a="1.000000" m_b="0.000000" m_c="0.000000" m_d="1.000000" m_tx="9.324022" m_ty="-117.748604"/>
  </frame>
  <frame idx="25" w="281" h="644" x="-29.500000" y="-204.500000">
   <element name="cell_base" layername="timeline_0" frame="0" z_index="72" m_a="1.000000" m_b="0.000000" m_c="0.000000" m_d="1.000000" m_tx="-123.000000" m_ty="-346.000000"/>
   <element name="underlay" layername="timeline_1" frame="0" z_index="74" m_a="1.000000" m_b="0.000000" m_c="0.000000" m_d="1.000000" m_tx="7.894737" m_ty="-270.929840"/>
   <element name="meter" layername="timeline_2" frame="14" z_index="73" m_a="1.000000" m_b="0.000000" m_c="0.000000" m_d="1.000000" m_tx="9.324022" m_ty="-117.748604"/>
  </frame>
 </anim>
 <anim name="7" root="energy_cell" numframes="50" framerate="40">
  <frame idx="0" w="281" h="644" x="-29.500000" y="-204.500000">
   <element name="cell_base" layername="timeline_0" frame="0" z_index="72" m_a="1.000000" m_b="0.000000" m_c="0.000000" m_d="1.000000" m_tx="-123.000000" m_ty="-346.000000"/>
   <element name="underlay" layername="timeline_1" frame="0" z_index="74" m_a="1.000000" m_b="0.000000" m_c="0.000000" m_d="1.000000" m_tx="7.894737" m_ty="-270.929840"/>
   <element name="meter" layername="timeline_2" frame="15" z_index="73" m_a="1.000000" m_b="0.000000" m_c="0.000000" m_d="1.000000" m_tx="10.441341" m_ty="-104.458099"/>
  </frame>
  <frame idx="25" w="281" h="644" x="-29.500000" y="-204.500000">
   <element name="cell_base" layername="timeline_0" frame="0" z_index="72" m_a="1.000000" m_b="0.000000" m_c="0.000000" m_d="1.000000" m_tx="-123.000000" m_ty="-346.000000"/>
   <element name="underlay" layername="timeline_1" frame="0" z_index="74" m_a="1.000000" m_b="0.000000" m_c="0.000000" m_d="1.000000" m_tx="7.894737" m_ty="-270.929840"/>
   <element name="meter" layername="timeline_2" frame="15" z_index="73" m_a="1.000000" m_b="0.000000" m_c="0.000000" m_d="1.000000" m_tx="10.441341" m_ty="-104.458099"/>
  </frame>
 </anim>
 <anim name="6" root="energy_cell" numframes="50" framerate="40">
  <frame idx="0" w="281" h="644" x="-29.500000" y="-204.500000">
   <element name="cell_base" layername="timeline_0" frame="0" z_index="72" m_a="1.000000" m_b="0.000000" m_c="0.000000" m_d="1.000000" m_tx="-123.000000" m_ty="-346.000000"/>
   <element name="underlay" layername="timeline_1" frame="0" z_index="74" m_a="1.000000" m_b="0.000000" m_c="0.000000" m_d="1.000000" m_tx="7.894737" m_ty="-270.929840"/>
   <element name="meter" layername="timeline_2" frame="16" z_index="73" m_a="1.000000" m_b="0.000000" m_c="0.000000" m_d="1.000000" m_tx="11.130435" m_ty="-94.304352"/>
  </frame>
  <frame idx="25" w="281" h="644" x="-29.500000" y="-204.500000">
   <element name="cell_base" layername="timeline_0" frame="0" z_index="72" m_a="1.000000" m_b="0.000000" m_c="0.000000" m_d="1.000000" m_tx="-123.000000" m_ty="-346.000000"/>
   <element name="underlay" layername="timeline_1" frame="0" z_index="74" m_a="1.000000" m_b="0.000000" m_c="0.000000" m_d="1.000000" m_tx="7.894737" m_ty="-270.929840"/>
   <element name="meter" layername="timeline_2" frame="16" z_index="73" m_a="1.000000" m_b="0.000000" m_c="0.000000" m_d="1.000000" m_tx="11.130435" m_ty="-94.304352"/>
  </frame>
 </anim>
 <anim name="5" root="energy_cell" numframes="50" framerate="40">
  <frame idx="0" w="281" h="644" x="-29.500000" y="-204.500000">
   <element name="cell_base" layername="timeline_0" frame="0" z_index="72" m_a="1.000000" m_b="0.000000" m_c="0.000000" m_d="1.000000" m_tx="-123.000000" m_ty="-346.000000"/>
   <element name="underlay" layername="timeline_1" frame="0" z_index="74" m_a="1.000000" m_b="0.000000" m_c="0.000000" m_d="1.000000" m_tx="7.894737" m_ty="-270.929840"/>
   <element name="meter" layername="timeline_2" frame="17" z_index="73" m_a="1.000000" m_b="0.000000" m_c="0.000000" m_d="1.000000" m_tx="12.000000" m_ty="-86.086960"/>
  </frame>
  <frame idx="25" w="281" h="644" x="-29.500000" y="-204.500000">
   <element name="cell_base" layername="timeline_0" frame="0" z_index="72" m_a="1.000000" m_b="0.000000" m_c="0.000000" m_d="1.000000" m_tx="-123.000000" m_ty="-346.000000"/>
   <element name="underlay" layername="timeline_1" frame="0" z_index="74" m_a="1.000000" m_b="0.000000" m_c="0.000000" m_d="1.000000" m_tx="7.894737" m_ty="-270.929840"/>
   <element name="meter" layername="timeline_2" frame="17" z_index="73" m_a="1.000000" m_b="0.000000" m_c="0.000000" m_d="1.000000" m_tx="12.000000" m_ty="-86.086960"/>
  </frame>
 </anim>
 <anim name="4" root="energy_cell" numframes="50" framerate="40">
  <frame idx="0" w="281" h="644" x="-29.500000" y="-204.500000">
   <element name="cell_base" layername="timeline_0" frame="0" z_index="72" m_a="1.000000" m_b="0.000000" m_c="0.000000" m_d="1.000000" m_tx="-123.000000" m_ty="-346.000000"/>
   <element name="underlay" layername="timeline_1" frame="0" z_index="74" m_a="1.000000" m_b="0.000000" m_c="0.000000" m_d="1.000000" m_tx="7.894737" m_ty="-270.929840"/>
   <element name="meter" layername="timeline_2" frame="1" z_index="73" m_a="1.000000" m_b="0.000000" m_c="0.000000" m_d="1.000000" m_tx="12.000000" m_ty="-75.043480"/>
  </frame>
  <frame idx="25" w="281" h="644" x="-29.500000" y="-204.500000">
   <element name="cell_base" layername="timeline_0" frame="0" z_index="72" m_a="1.000000" m_b="0.000000" m_c="0.000000" m_d="1.000000" m_tx="-123.000000" m_ty="-346.000000"/>
   <element name="underlay" layername="timeline_1" frame="0" z_index="74" m_a="1.000000" m_b="0.000000" m_c="0.000000" m_d="1.000000" m_tx="7.894737" m_ty="-270.929840"/>
   <element name="meter" layername="timeline_2" frame="1" z_index="73" m_a="1.000000" m_b="0.000000" m_c="0.000000" m_d="1.000000" m_tx="12.000000" m_ty="-75.043480"/>
  </frame>
 </anim>
 <anim name="3" root="energy_cell" numframes="50" framerate="40">
  <frame idx="0" w="281" h="644" x="-29.500000" y="-204.500000">
   <element name="cell_base" layername="timeline_0" frame="0" z_index="72" m_a="1.000000" m_b="0.000000" m_c="0.000000" m_d="1.000000" m_tx="-123.000000" m_ty="-346.000000"/>
   <element name="underlay" layername="timeline_1" frame="0" z_index="74" m_a="1.000000" m_b="0.000000" m_c="0.000000" m_d="1.000000" m_tx="7.894737" m_ty="-270.929840"/>
   <element name="meter" layername="timeline_2" frame="18" z_index="73" m_a="1.000000" m_b="0.000000" m_c="0.000000" m_d="1.000000" m_tx="12.000000" m_ty="-64.000000"/>
  </frame>
  <frame idx="25" w="281" h="644" x="-29.500000" y="-204.500000">
   <element name="cell_base" layername="timeline_0" frame="0" z_index="72" m_a="1.000000" m_b="0.000000" m_c="0.000000" m_d="1.000000" m_tx="-123.000000" m_ty="-346.000000"/>
   <element name="underlay" layername="timeline_1" frame="0" z_index="74" m_a="1.000000" m_b="0.000000" m_c="0.000000" m_d="1.000000" m_tx="7.894737" m_ty="-270.929840"/>
   <element name="meter" layername="timeline_2" frame="18" z_index="73" m_a="1.000000" m_b="0.000000" m_c="0.000000" m_d="1.000000" m_tx="12.000000" m_ty="-64.000000"/>
  </frame>
 </anim>
 <anim name="2" root="energy_cell" numframes="50" framerate="40">
  <frame idx="0" w="281" h="644" x="-29.500000" y="-204.500000">
   <element name="cell_base" layername="timeline_0" frame="0" z_index="72" m_a="1.000000" m_b="0.000000" m_c="0.000000" m_d="1.000000" m_tx="-123.000000" m_ty="-346.000000"/>
   <element name="underlay" layername="timeline_1" frame="0" z_index="74" m_a="1.000000" m_b="0.000000" m_c="0.000000" m_d="1.000000" m_tx="7.894737" m_ty="-270.929840"/>
   <element name="meter" layername="timeline_2" frame="19" z_index="73" m_a="1.000000" m_b="0.000000" m_c="0.000000" m_d="1.000000" m_tx="12.000000" m_ty="-54.000000"/>
  </frame>
  <frame idx="25" w="281" h="644" x="-29.500000" y="-204.500000">
   <element name="cell_base" layername="timeline_0" frame="0" z_index="72" m_a="1.000000" m_b="0.000000" m_c="0.000000" m_d="1.000000" m_tx="-123.000000" m_ty="-346.000000"/>
   <element name="underlay" layername="timeline_1" frame="0" z_index="74" m_a="1.000000" m_b="0.000000" m_c="0.000000" m_d="1.000000" m_tx="7.894737" m_ty="-270.929840"/>
   <element name="meter" layername="timeline_2" frame="19" z_index="73" m_a="1.000000" m_b="0.000000" m_c="0.000000" m_d="1.000000" m_tx="12.000000" m_ty="-54.000000"/>
  </frame>
 </anim>
 <anim name="1" root="energy_cell" numframes="50" framerate="40">
  <frame idx="0" w="281" h="644" x="-29.500000" y="-204.500000">
   <element name="cell_base" layername="timeline_0" frame="0" z_index="72" m_a="1.000000" m_b="0.000000" m_c="0.000000" m_d="1.000000" m_tx="-123.000000" m_ty="-346.000000"/>
   <element name="underlay" layername="timeline_1" frame="0" z_index="74" m_a="1.000000" m_b="0.000000" m_c="0.000000" m_d="1.000000" m_tx="7.894737" m_ty="-270.929840"/>
   <element name="meter" layername="timeline_2" frame="20" z_index="73" m_a="1.000000" m_b="0.000000" m_c="0.000000" m_d="1.000000" m_tx="14.000000" m_ty="-44.000000"/>
  </frame>
  <frame idx="25" w="281" h="644" x="-29.500000" y="-204.500000">
   <element name="cell_base" layername="timeline_0" frame="0" z_index="72" m_a="1.000000" m_b="0.000000" m_c="0.000000" m_d="1.000000" m_tx="-123.000000" m_ty="-346.000000"/>
   <element name="underlay" layername="timeline_1" frame="0" z_index="74" m_a="1.000000" m_b="0.000000" m_c="0.000000" m_d="1.000000" m_tx="7.894737" m_ty="-270.929840"/>
   <element name="meter" layername="timeline_2" frame="20" z_index="73" m_a="1.000000" m_b="0.000000" m_c="0.000000" m_d="1.000000" m_tx="14.000000" m_ty="-44.000000"/>
  </frame>
 </anim>
 <anim name="0" root="energy_cell" numframes="50" framerate="40">
  <frame idx="0" w="281" h="644" x="-29.500000" y="-204.500000">
   <element name="cell_base" layername="timeline_0" frame="0" z_index="73" m_a="1.000000" m_b="0.000000" m_c="0.000000" m_d="1.000000" m_tx="-123.000000" m_ty="-346.000000"/>
   <element name="underlay" layername="timeline_1" frame="0" z_index="74" m_a="1.000000" m_b="0.000000" m_c="0.000000" m_d="1.000000" m_tx="7.894737" m_ty="-270.929840"/>
  </frame>
  <frame idx="25" w="281" h="644" x="-29.500000" y="-204.500000">
   <element name="cell_base" layername="timeline_0" frame="0" z_index="73" m_a="1.000000" m_b="0.000000" m_c="0.000000" m_d="1.000000" m_tx="-123.000000" m_ty="-346.000000"/>
   <element name="underlay" layername="timeline_1" frame="0" z_index="74" m_a="1.000000" m_b="0.000000" m_c="0.000000" m_d="1.000000" m_tx="7.894737" m_ty="-270.929840"/>
  </frame>
 </anim>
 <anim name="meter" root="energy_cell" numframes="700" framerate="40">
  <frame idx="0" w="281" h="644" x="-29.500000" y="-204.500000">
   <element name="cell_base" layername="timeline_0" frame="0" z_index="72" m_a="1.000000" m_b="0.000000" m_c="0.000000" m_d="1.000000" m_tx="-123.000000" m_ty="-346.000000"/>
   <element name="underlay" layername="timeline_1" frame="0" z_index="74" m_a="1.000000" m_b="0.000000" m_c="0.000000" m_d="1.000000" m_tx="7.894737" m_ty="-270.929840"/>
   <element name="meter" layername="timeline_2" frame="0" z_index="73" m_a="1.000000" m_b="0.000000" m_c="0.000000" m_d="1.000000" m_tx="7.406360" m_ty="-266.060059"/>
  </frame>
  <frame idx="25" w="281" h="644" x="-29.500000" y="-204.500000">
   <element name="cell_base" layername="timeline_0" frame="0" z_index="72" m_a="1.000000" m_b="0.000000" m_c="0.000000" m_d="1.000000" m_tx="-123.000000" m_ty="-346.000000"/>
   <element name="underlay" layername="timeline_1" frame="0" z_index="74" m_a="1.000000" m_b="0.000000" m_c="0.000000" m_d="1.000000" m_tx="7.894737" m_ty="-270.929840"/>
   <element name="meter" layername="timeline_2" frame="0" z_index="73" m_a="1.000000" m_b="0.000000" m_c="0.000000" m_d="1.000000" m_tx="9.140921" m_ty="-259.118927"/>
  </frame>
  <frame idx="50" w="281" h="644" x="-29.500000" y="-204.500000">
   <element name="cell_base" layername="timeline_0" frame="0" z_index="72" m_a="1.000000" m_b="0.000000" m_c="0.000000" m_d="1.000000" m_tx="-123.000000" m_ty="-346.000000"/>
   <element name="underlay" layername="timeline_1" frame="0" z_index="74" m_a="1.000000" m_b="0.000000" m_c="0.000000" m_d="1.000000" m_tx="7.894737" m_ty="-270.929840"/>
   <element name="meter" layername="timeline_2" frame="2" z_index="73" m_a="1.000000" m_b="0.000000" m_c="0.000000" m_d="1.000000" m_tx="10.036228" m_ty="-250.661087"/>
  </frame>
  <frame idx="75" w="281" h="644" x="-29.500000" y="-204.500000">
   <element name="cell_base" layername="timeline_0" frame="0" z_index="72" m_a="1.000000" m_b="0.000000" m_c="0.000000" m_d="1.000000" m_tx="-123.000000" m_ty="-346.000000"/>
   <element name="underlay" layername="timeline_1" frame="0" z_index="74" m_a="1.000000" m_b="0.000000" m_c="0.000000" m_d="1.000000" m_tx="7.894737" m_ty="-270.929840"/>
   <element name="meter" layername="timeline_2" frame="3" z_index="73" m_a="1.000000" m_b="0.000000" m_c="0.000000" m_d="1.000000" m_tx="10.081598" m_ty="-241.920258"/>
  </frame>
  <frame idx="100" w="281" h="644" x="-29.500000" y="-204.500000">
   <element name="cell_base" layername="timeline_0" frame="0" z_index="72" m_a="1.000000" m_b="0.000000" m_c="0.000000" m_d="1.000000" m_tx="-123.000000" m_ty="-346.000000"/>
   <element name="underlay" layername="timeline_1" frame="0" z_index="74" m_a="1.000000" m_b="0.000000" m_c="0.000000" m_d="1.000000" m_tx="7.894737" m_ty="-270.929840"/>
   <element name="meter" layername="timeline_2" frame="4" z_index="73" m_a="1.000000" m_b="0.000000" m_c="0.000000" m_d="1.000000" m_tx="9.324022" m_ty="-234.391068"/>
  </frame>
  <frame idx="125" w="281" h="644" x="-29.500000" y="-204.500000">
   <element name="cell_base" layername="timeline_0" frame="0" z_index="72" m_a="1.000000" m_b="0.000000" m_c="0.000000" m_d="1.000000" m_tx="-123.000000" m_ty="-346.000000"/>
   <element name="underlay" layername="timeline_1" frame="0" z_index="74" m_a="1.000000" m_b="0.000000" m_c="0.000000" m_d="1.000000" m_tx="7.894737" m_ty="-270.929840"/>
   <element name="meter" layername="timeline_2" frame="4" z_index="73" m_a="1.000000" m_b="0.000000" m_c="0.000000" m_d="1.000000" m_tx="9.237759" m_ty="-226.586258"/>
  </frame>
  <frame idx="150" w="281" h="644" x="-29.500000" y="-204.500000">
   <element name="cell_base" layername="timeline_0" frame="0" z_index="72" m_a="1.000000" m_b="0.000000" m_c="0.000000" m_d="1.000000" m_tx="-123.000000" m_ty="-346.000000"/>
   <element name="underlay" layername="timeline_1" frame="0" z_index="74" m_a="1.000000" m_b="0.000000" m_c="0.000000" m_d="1.000000" m_tx="7.894737" m_ty="-270.929840"/>
   <element name="meter" layername="timeline_2" frame="5" z_index="73" m_a="1.000000" m_b="0.000000" m_c="0.000000" m_d="1.000000" m_tx="8.992721" m_ty="-217.218903"/>
  </frame>
  <frame idx="175" w="281" h="644" x="-29.500000" y="-204.500000">
   <element name="cell_base" layername="timeline_0" frame="0" z_index="72" m_a="1.000000" m_b="0.000000" m_c="0.000000" m_d="1.000000" m_tx="-123.000000" m_ty="-346.000000"/>
   <element name="underlay" layername="timeline_1" frame="0" z_index="74" m_a="1.000000" m_b="0.000000" m_c="0.000000" m_d="1.000000" m_tx="7.894737" m_ty="-270.929840"/>
   <element name="meter" layername="timeline_2" frame="6" z_index="73" m_a="1.000000" m_b="0.000000" m_c="0.000000" m_d="1.000000" m_tx="8.765363" m_ty="-207.571198"/>
  </frame>
  <frame idx="200" w="281" h="644" x="-29.500000" y="-204.500000">
   <element name="cell_base" layername="timeline_0" frame="0" z_index="72" m_a="1.000000" m_b="0.000000" m_c="0.000000" m_d="1.000000" m_tx="-123.000000" m_ty="-346.000000"/>
   <element name="underlay" layername="timeline_1" frame="0" z_index="74" m_a="1.000000" m_b="0.000000" m_c="0.000000" m_d="1.000000" m_tx="7.894737" m_ty="-270.929840"/>
   <element name="meter" layername="timeline_2" frame="7" z_index="73" m_a="1.000000" m_b="0.000000" m_c="0.000000" m_d="1.000000" m_tx="8.765363" m_ty="-199.195526"/>
  </frame>
  <frame idx="225" w="281" h="644" x="-29.500000" y="-204.500000">
   <element name="cell_base" layername="timeline_0" frame="0" z_index="72" m_a="1.000000" m_b="0.000000" m_c="0.000000" m_d="1.000000" m_tx="-123.000000" m_ty="-346.000000"/>
   <element name="underlay" layername="timeline_1" frame="0" z_index="74" m_a="1.000000" m_b="0.000000" m_c="0.000000" m_d="1.000000" m_tx="7.894737" m_ty="-270.929840"/>
   <element name="meter" layername="timeline_2" frame="7" z_index="73" m_a="1.000000" m_b="0.000000" m_c="0.000000" m_d="1.000000" m_tx="9.997700" m_ty="-191.715240"/>
  </frame>
  <frame idx="250" w="281" h="644" x="-29.500000" y="-204.500000">
   <element name="cell_base" layername="timeline_0" frame="0" z_index="72" m_a="1.000000" m_b="0.000000" m_c="0.000000" m_d="1.000000" m_tx="-123.000000" m_ty="-346.000000"/>
   <element name="underlay" layername="timeline_1" frame="0" z_index="74" m_a="1.000000" m_b="0.000000" m_c="0.000000" m_d="1.000000" m_tx="7.894737" m_ty="-270.929840"/>
   <element name="meter" layername="timeline_2" frame="8" z_index="73" m_a="1.000000" m_b="0.000000" m_c="0.000000" m_d="1.000000" m_tx="10.327578" m_ty="-181.765869"/>
  </frame>
  <frame idx="275" w="281" h="644" x="-29.500000" y="-204.500000">
   <element name="cell_base" layername="timeline_0" frame="0" z_index="72" m_a="1.000000" m_b="0.000000" m_c="0.000000" m_d="1.000000" m_tx="-123.000000" m_ty="-346.000000"/>
   <element name="underlay" layername="timeline_1" frame="0" z_index="74" m_a="1.000000" m_b="0.000000" m_c="0.000000" m_d="1.000000" m_tx="7.894737" m_ty="-270.929840"/>
   <element name="meter" layername="timeline_2" frame="9" z_index="73" m_a="1.000000" m_b="0.000000" m_c="0.000000" m_d="1.000000" m_tx="10.235145" m_ty="-171.318771"/>
  </frame>
  <frame idx="300" w="281" h="644" x="-29.500000" y="-204.500000">
   <element name="cell_base" layername="timeline_0" frame="0" z_index="72" m_a="1.000000" m_b="0.000000" m_c="0.000000" m_d="1.000000" m_tx="-123.000000" m_ty="-346.000000"/>
   <element name="underlay" layername="timeline_1" frame="0" z_index="74" m_a="1.000000" m_b="0.000000" m_c="0.000000" m_d="1.000000" m_tx="7.894737" m_ty="-270.929840"/>
   <element name="meter" layername="timeline_2" frame="10" z_index="73" m_a="1.000000" m_b="0.000000" m_c="0.000000" m_d="1.000000" m_tx="10.324022" m_ty="-162.765366"/>
  </frame>
  <frame idx="325" w="281" h="644" x="-29.500000" y="-204.500000">
   <element name="cell_base" layername="timeline_0" frame="0" z_index="72" m_a="1.000000" m_b="0.000000" m_c="0.000000" m_d="1.000000" m_tx="-123.000000" m_ty="-346.000000"/>
   <element name="underlay" layername="timeline_1" frame="0" z_index="74" m_a="1.000000" m_b="0.000000" m_c="0.000000" m_d="1.000000" m_tx="7.894737" m_ty="-270.929840"/>
   <element name="meter" layername="timeline_2" frame="10" z_index="73" m_a="1.000000" m_b="0.000000" m_c="0.000000" m_d="1.000000" m_tx="10.410286" m_ty="-152.906677"/>
  </frame>
  <frame idx="350" w="281" h="644" x="-29.500000" y="-204.500000">
   <element name="cell_base" layername="timeline_0" frame="0" z_index="72" m_a="1.000000" m_b="0.000000" m_c="0.000000" m_d="1.000000" m_tx="-123.000000" m_ty="-346.000000"/>
   <element name="underlay" layername="timeline_1" frame="0" z_index="74" m_a="1.000000" m_b="0.000000" m_c="0.000000" m_d="1.000000" m_tx="7.894737" m_ty="-270.929840"/>
   <element name="meter" layername="timeline_2" frame="11" z_index="73" m_a="1.000000" m_b="0.000000" m_c="0.000000" m_d="1.000000" m_tx="10.113594" m_ty="-143.241409"/>
  </frame>
  <frame idx="375" w="281" h="644" x="-29.500000" y="-204.500000">
   <element name="cell_base" layername="timeline_0" frame="0" z_index="72" m_a="1.000000" m_b="0.000000" m_c="0.000000" m_d="1.000000" m_tx="-123.000000" m_ty="-346.000000"/>
   <element name="underlay" layername="timeline_1" frame="0" z_index="74" m_a="1.000000" m_b="0.000000" m_c="0.000000" m_d="1.000000" m_tx="7.894737" m_ty="-270.929840"/>
   <element name="meter" layername="timeline_2" frame="12" z_index="73" m_a="1.000000" m_b="0.000000" m_c="0.000000" m_d="1.000000" m_tx="9.900795" m_ty="-134.519211"/>
  </frame>
  <frame idx="400" w="281" h="644" x="-29.500000" y="-204.500000">
   <element name="cell_base" layername="timeline_0" frame="0" z_index="72" m_a="1.000000" m_b="0.000000" m_c="0.000000" m_d="1.000000" m_tx="-123.000000" m_ty="-346.000000"/>
   <element name="underlay" layername="timeline_1" frame="0" z_index="74" m_a="1.000000" m_b="0.000000" m_c="0.000000" m_d="1.000000" m_tx="7.894737" m_ty="-270.929840"/>
   <element name="meter" layername="timeline_2" frame="13" z_index="73" m_a="1.000000" m_b="0.000000" m_c="0.000000" m_d="1.000000" m_tx="10.324022" m_ty="-127.569832"/>
  </frame>
  <frame idx="425" w="281" h="644" x="-29.500000" y="-204.500000">
   <element name="cell_base" layername="timeline_0" frame="0" z_index="72" m_a="1.000000" m_b="0.000000" m_c="0.000000" m_d="1.000000" m_tx="-123.000000" m_ty="-346.000000"/>
   <element name="underlay" layername="timeline_1" frame="0" z_index="74" m_a="1.000000" m_b="0.000000" m_c="0.000000" m_d="1.000000" m_tx="7.894737" m_ty="-270.929840"/>
   <element name="meter" layername="timeline_2" frame="13" z_index="73" m_a="1.000000" m_b="0.000000" m_c="0.000000" m_d="1.000000" m_tx="9.588728" m_ty="-120.348343"/>
  </frame>
  <frame idx="450" w="281" h="644" x="-29.500000" y="-204.500000">
   <element name="cell_base" layername="timeline_0" frame="0" z_index="72" m_a="1.000000" m_b="0.000000" m_c="0.000000" m_d="1.000000" m_tx="-123.000000" m_ty="-346.000000"/>
   <element name="underlay" layername="timeline_1" frame="0" z_index="74" m_a="1.000000" m_b="0.000000" m_c="0.000000" m_d="1.000000" m_tx="7.894737" m_ty="-270.929840"/>
   <element name="meter" layername="timeline_2" frame="14" z_index="73" m_a="1.000000" m_b="0.000000" m_c="0.000000" m_d="1.000000" m_tx="9.865753" m_ty="-111.304726"/>
  </frame>
  <frame idx="475" w="281" h="644" x="-29.500000" y="-204.500000">
   <element name="cell_base" layername="timeline_0" frame="0" z_index="72" m_a="1.000000" m_b="0.000000" m_c="0.000000" m_d="1.000000" m_tx="-123.000000" m_ty="-346.000000"/>
   <element name="underlay" layername="timeline_1" frame="0" z_index="74" m_a="1.000000" m_b="0.000000" m_c="0.000000" m_d="1.000000" m_tx="7.894737" m_ty="-270.929840"/>
   <element name="meter" layername="timeline_2" frame="15" z_index="73" m_a="1.000000" m_b="0.000000" m_c="0.000000" m_d="1.000000" m_tx="10.608395" m_ty="-101.996582"/>
  </frame>
  <frame idx="500" w="281" h="644" x="-29.500000" y="-204.500000">
   <element name="cell_base" layername="timeline_0" frame="0" z_index="72" m_a="1.000000" m_b="0.000000" m_c="0.000000" m_d="1.000000" m_tx="-123.000000" m_ty="-346.000000"/>
   <element name="underlay" layername="timeline_1" frame="0" z_index="74" m_a="1.000000" m_b="0.000000" m_c="0.000000" m_d="1.000000" m_tx="7.894737" m_ty="-270.929840"/>
   <element name="meter" layername="timeline_2" frame="16" z_index="73" m_a="1.000000" m_b="0.000000" m_c="0.000000" m_d="1.000000" m_tx="11.130435" m_ty="-94.304352"/>
  </frame>
  <frame idx="525" w="281" h="644" x="-29.500000" y="-204.500000">
   <element name="cell_base" layername="timeline_0" frame="0" z_index="72" m_a="1.000000" m_b="0.000000" m_c="0.000000" m_d="1.000000" m_tx="-123.000000" m_ty="-346.000000"/>
   <element name="underlay" layername="timeline_1" frame="0" z_index="74" m_a="1.000000" m_b="0.000000" m_c="0.000000" m_d="1.000000" m_tx="7.894737" m_ty="-270.929840"/>
   <element name="meter" layername="timeline_2" frame="16" z_index="73" m_a="1.000000" m_b="0.000000" m_c="0.000000" m_d="1.000000" m_tx="11.769821" m_ty="-88.262154"/>
  </frame>
  <frame idx="550" w="281" h="644" x="-29.500000" y="-204.500000">
   <element name="cell_base" layername="timeline_0" frame="0" z_index="72" m_a="1.000000" m_b="0.000000" m_c="0.000000" m_d="1.000000" m_tx="-123.000000" m_ty="-346.000000"/>
   <element name="underlay" layername="timeline_1" frame="0" z_index="74" m_a="1.000000" m_b="0.000000" m_c="0.000000" m_d="1.000000" m_tx="7.894737" m_ty="-270.929840"/>
   <element name="meter" layername="timeline_2" frame="17" z_index="73" m_a="1.000000" m_b="0.000000" m_c="0.000000" m_d="1.000000" m_tx="12.000000" m_ty="-80.732544"/>
  </frame>
  <frame idx="575" w="281" h="644" x="-29.500000" y="-204.500000">
   <element name="cell_base" layername="timeline_0" frame="0" z_index="72" m_a="1.000000" m_b="0.000000" m_c="0.000000" m_d="1.000000" m_tx="-123.000000" m_ty="-346.000000"/>
   <element name="underlay" layername="timeline_1" frame="0" z_index="74" m_a="1.000000" m_b="0.000000" m_c="0.000000" m_d="1.000000" m_tx="7.894737" m_ty="-270.929840"/>
   <element name="meter" layername="timeline_2" frame="1" z_index="73" m_a="1.000000" m_b="0.000000" m_c="0.000000" m_d="1.000000" m_tx="12.000000" m_ty="-72.366272"/>
  </frame>
  <frame idx="600" w="281" h="644" x="-29.500000" y="-204.500000">
   <element name="cell_base" layername="timeline_0" frame="0" z_index="72" m_a="1.000000" m_b="0.000000" m_c="0.000000" m_d="1.000000" m_tx="-123.000000" m_ty="-346.000000"/>
   <element name="underlay" layername="timeline_1" frame="0" z_index="74" m_a="1.000000" m_b="0.000000" m_c="0.000000" m_d="1.000000" m_tx="7.894737" m_ty="-270.929840"/>
   <element name="meter" layername="timeline_2" frame="18" z_index="73" m_a="1.000000" m_b="0.000000" m_c="0.000000" m_d="1.000000" m_tx="12.000000" m_ty="-64.000000"/>
  </frame>
  <frame idx="625" w="281" h="644" x="-29.500000" y="-204.500000">
   <element name="cell_base" layername="timeline_0" frame="0" z_index="72" m_a="1.000000" m_b="0.000000" m_c="0.000000" m_d="1.000000" m_tx="-123.000000" m_ty="-346.000000"/>
   <element name="underlay" layername="timeline_1" frame="0" z_index="74" m_a="1.000000" m_b="0.000000" m_c="0.000000" m_d="1.000000" m_tx="7.894737" m_ty="-270.929840"/>
   <element name="meter" layername="timeline_2" frame="18" z_index="73" m_a="1.000000" m_b="0.000000" m_c="0.000000" m_d="1.000000" m_tx="12.000000" m_ty="-56.647060"/>
  </frame>
  <frame idx="650" w="281" h="644" x="-29.500000" y="-204.500000">
   <element name="cell_base" layername="timeline_0" frame="0" z_index="72" m_a="1.000000" m_b="0.000000" m_c="0.000000" m_d="1.000000" m_tx="-123.000000" m_ty="-346.000000"/>
   <element name="underlay" layername="timeline_1" frame="0" z_index="74" m_a="1.000000" m_b="0.000000" m_c="0.000000" m_d="1.000000" m_tx="7.894737" m_ty="-270.929840"/>
   <element name="meter" layername="timeline_2" frame="19" z_index="73" m_a="1.000000" m_b="0.000000" m_c="0.000000" m_d="1.000000" m_tx="12.969697" m_ty="-49.151516"/>
  </frame>
  <frame idx="675" w="281" h="644" x="-29.500000" y="-204.500000">
   <element name="cell_base" layername="timeline_0" frame="0" z_index="72" m_a="1.000000" m_b="0.000000" m_c="0.000000" m_d="1.000000" m_tx="-123.000000" m_ty="-346.000000"/>
   <element name="underlay" layername="timeline_1" frame="0" z_index="74" m_a="1.000000" m_b="0.000000" m_c="0.000000" m_d="1.000000" m_tx="7.894737" m_ty="-270.929840"/>
   <element name="meter" layername="timeline_2" frame="20" z_index="73" m_a="1.000000" m_b="0.000000" m_c="0.000000" m_d="1.000000" m_tx="12.401542" m_ty="-97.832741"/>
  </frame>
 </anim>
 <anim name="place" root="energy_cell" numframes="350" framerate="40">
  <frame idx="0" w="274" h="825" x="-30.087826" y="-332.867554">
   <element name="cell_base" layername="timeline_0" frame="0" z_index="73" m_a="0.970200" m_b="0.000000" m_c="0.000000" m_d="1.098815" m_tx="-120.601227" m_ty="-478.685883"/>
   <element name="underlay" layername="timeline_1" frame="0" z_index="74" m_a="0.970200" m_b="0.000000" m_c="0.000000" m_d="1.098815" m_tx="6.392849" m_ty="-396.197693"/>
  </frame>
  <frame idx="25" w="261" h="783" x="-29.101379" y="-272.039978">
   <element name="cell_base" layername="timeline_0" frame="0" z_index="73" m_a="0.926556" m_b="0.000000" m_c="0.000000" m_d="1.155217" m_tx="-115.508423" m_ty="-432.384918"/>
   <element name="underlay" layername="timeline_1" frame="0" z_index="74" m_a="0.926556" m_b="0.000000" m_c="0.000000" m_d="1.155217" m_tx="5.772867" m_ty="-345.662628"/>
  </frame>
  <frame idx="50" w="282" h="633" x="-29.904348" y="-200.978516">
   <element name="cell_base" layername="timeline_0" frame="0" z_index="73" m_a="1.002036" m_b="0.000000" m_c="0.000000" m_d="0.984508" m_tx="-123.642586" m_ty="-340.449768"/>
   <element name="underlay" layername="timeline_1" frame="0" z_index="74" m_a="1.002036" m_b="0.000000" m_c="0.000000" m_d="0.984508" m_tx="7.518680" m_ty="-266.542633"/>
  </frame>
  <frame idx="75" w="299" h="533" x="-30.743206" y="-164.042450">
   <element name="cell_base" layername="timeline_0" frame="0" z_index="73" m_a="1.062824" m_b="0.000000" m_c="0.000000" m_d="0.842054" m_tx="-130.093643" m_ty="-284.163940"/>
   <element name="underlay" layername="timeline_1" frame="0" z_index="74" m_a="1.062824" m_b="0.000000" m_c="0.000000" m_d="0.842054" m_tx="9.024460" m_ty="-220.950851"/>
  </frame>
  <frame idx="100" w="268" h="665" x="-28.507694" y="-212.097702">
   <element name="cell_base" layername="timeline_0" frame="0" z_index="73" m_a="0.950000" m_b="0.000000" m_c="0.000000" m_d="1.031112" m_tx="-117.157692" m_ty="-358.180084"/>
   <element name="underlay" layername="timeline_1" frame="0" z_index="74" m_a="0.950000" m_b="0.000000" m_c="0.000000" m_d="1.031112" m_tx="7.192308" m_ty="-280.774384"/>
  </frame>
  <frame idx="125" w="263" h="680" x="-28.012383" y="-217.593948">
   <element name="cell_base" layername="timeline_0" frame="0" z_index="73" m_a="0.934846" m_b="0.000000" m_c="0.000000" m_d="1.051500" m_tx="-115.389313" m_ty="-366.162231"/>
   <element name="underlay" layername="timeline_1" frame="0" z_index="74" m_a="0.934846" m_b="0.000000" m_c="0.000000" m_d="1.051500" m_tx="6.977031" m_ty="-287.225922"/>
  </frame>
  <frame idx="150" w="272" h="665" x="-29.007248" y="-211.940994">
   <element name="cell_base" layername="timeline_0" frame="0" z_index="73" m_a="0.963625" m_b="0.000000" m_c="0.000000" m_d="1.030312" m_tx="-118.751389" m_ty="-357.866913"/>
   <element name="underlay" layername="timeline_1" frame="0" z_index="74" m_a="0.963625" m_b="0.000000" m_c="0.000000" m_d="1.030312" m_tx="7.382055" m_ty="-280.521271"/>
  </frame>
  <frame idx="175" w="281" h="644" x="-29.500000" y="-204.500000">
   <element name="cell_base" layername="timeline_0" frame="0" z_index="73" m_a="1.000000" m_b="0.000000" m_c="0.000000" m_d="1.000000" m_tx="-123.000000" m_ty="-346.000000"/>
   <element name="underlay" layername="timeline_1" frame="0" z_index="74" m_a="1.000000" m_b="0.000000" m_c="0.000000" m_d="1.000000" m_tx="7.894737" m_ty="-270.929840"/>
  </frame>
  <frame idx="200" w="281" h="644" x="-29.500000" y="-204.500000">
   <element name="cell_base" layername="timeline_0" frame="0" z_index="73" m_a="1.000000" m_b="0.000000" m_c="0.000000" m_d="1.000000" m_tx="-123.000000" m_ty="-346.000000"/>
   <element name="underlay" layername="timeline_1" frame="0" z_index="74" m_a="1.000000" m_b="0.000000" m_c="0.000000" m_d="1.000000" m_tx="7.894737" m_ty="-270.929840"/>
  </frame>
  <frame idx="225" w="281" h="644" x="-29.500000" y="-204.500000">
   <element name="cell_base" layername="timeline_0" frame="0" z_index="73" m_a="1.000000" m_b="0.000000" m_c="0.000000" m_d="1.000000" m_tx="-123.000000" m_ty="-346.000000"/>
   <element name="underlay" layername="timeline_1" frame="0" z_index="74" m_a="1.000000" m_b="0.000000" m_c="0.000000" m_d="1.000000" m_tx="7.894737" m_ty="-270.929840"/>
  </frame>
  <frame idx="250" w="281" h="644" x="-29.500000" y="-204.500000">
   <element name="cell_base" layername="timeline_0" frame="0" z_index="73" m_a="1.000000" m_b="0.000000" m_c="0.000000" m_d="1.000000" m_tx="-123.000000" m_ty="-346.000000"/>
   <element name="underlay" layername="timeline_1" frame="0" z_index="74" m_a="1.000000" m_b="0.000000" m_c="0.000000" m_d="1.000000" m_tx="7.894737" m_ty="-270.929840"/>
  </frame>
  <frame idx="275" w="281" h="644" x="-29.500000" y="-204.500000">
   <element name="cell_base" layername="timeline_0" frame="0" z_index="73" m_a="1.000000" m_b="0.000000" m_c="0.000000" m_d="1.000000" m_tx="-123.000000" m_ty="-346.000000"/>
   <element name="underlay" layername="timeline_1" frame="0" z_index="74" m_a="1.000000" m_b="0.000000" m_c="0.000000" m_d="1.000000" m_tx="7.894737" m_ty="-270.929840"/>
  </frame>
  <frame idx="300" w="281" h="644" x="-29.500000" y="-204.500000">
   <element name="cell_base" layername="timeline_0" frame="0" z_index="73" m_a="1.000000" m_b="0.000000" m_c="0.000000" m_d="1.000000" m_tx="-123.000000" m_ty="-346.000000"/>
   <element name="underlay" layername="timeline_1" frame="0" z_index="74" m_a="1.000000" m_b="0.000000" m_c="0.000000" m_d="1.000000" m_tx="7.894737" m_ty="-270.929840"/>
  </frame>
  <frame idx="325" w="281" h="644" x="-29.500000" y="-204.500000">
   <element name="cell_base" layername="timeline_0" frame="0" z_index="73" m_a="1.000000" m_b="0.000000" m_c="0.000000" m_d="1.000000" m_tx="-123.000000" m_ty="-346.000000"/>
   <element name="underlay" layername="timeline_1" frame="0" z_index="74" m_a="1.000000" m_b="0.000000" m_c="0.000000" m_d="1.000000" m_tx="7.894737" m_ty="-270.929840"/>
  </frame>
 </anim>
</Anims>
