<Anims>
 <anim name="place" root="heat_lamp" numframes="350" framerate="40">
  <frame idx="0" w="676" h="1222" x="-92.893143" y="-407.500000">
   <element name="heat_lamp" layername="timeline_0" frame="0" z_index="14" m_a="1.000000" m_b="0.000000" m_c="0.000000" m_d="1.000000" m_tx="-261.000000" m_ty="-661.000000"/>
   <element name="lamp" layername="timeline_1" frame="0" z_index="15" m_a="1.000000" m_b="0.000000" m_c="0.000000" m_d="1.000000" m_tx="-261.000000" m_ty="-661.000000"/>
   <element name="lever" layername="timeline_2" frame="0" z_index="16" m_a="0.375395" m_b="0.805037" m_c="-0.707787" m_d="0.330046" m_tx="85.505653" m_ty="-226.655563"/>
  </frame>
  <frame idx="25" w="658" h="1335" x="-128.663483" y="-368.091125">
   <element name="heat_lamp" layername="timeline_0" frame="0" z_index="14" m_a="0.899318" m_b="0.000000" m_c="0.000000" m_d="1.200213" m_tx="-234.722107" m_ty="-683.266907"/>
   <element name="lamp" layername="timeline_1" frame="0" z_index="15" m_a="0.899318" m_b="0.000000" m_c="0.000000" m_d="1.200213" m_tx="-234.722107" m_ty="-683.266907"/>
   <element name="lever" layername="timeline_2" frame="0" z_index="16" m_a="0.337599" m_b="0.723984" m_c="-0.849495" m_d="0.396126" m_tx="79.983185" m_ty="-161.902832"/>
  </frame>
  <frame idx="50" w="663" h="1228" x="-118.004959" y="-313.128052">
   <element name="heat_lamp" layername="timeline_0" frame="0" z_index="14" m_a="0.929462" m_b="0.000000" m_c="0.000000" m_d="1.140271" m_tx="-242.589554" m_ty="-615.994263"/>
   <element name="lamp" layername="timeline_1" frame="0" z_index="15" m_a="0.929462" m_b="0.000000" m_c="0.000000" m_d="1.140271" m_tx="-242.589554" m_ty="-615.994263"/>
   <element name="lever" layername="timeline_2" frame="0" z_index="16" m_a="0.348915" m_b="0.748251" m_c="-0.807068" m_d="0.376342" m_tx="81.636581" m_ty="-120.683342"/>
  </frame>
  <frame idx="75" w="693" h="975" x="-76.293465" y="-243.007355">
   <element name="heat_lamp" layername="timeline_0" frame="0" z_index="14" m_a="1.060180" m_b="0.000000" m_c="0.000000" m_d="0.911574" m_tx="-276.706909" m_ty="-485.571930"/>
   <element name="lamp" layername="timeline_1" frame="0" z_index="15" m_a="1.060180" m_b="0.000000" m_c="0.000000" m_d="0.911574" m_tx="-276.706909" m_ty="-485.571930"/>
   <element name="lever" layername="timeline_2" frame="0" z_index="16" m_a="0.397986" m_b="0.853484" m_c="-0.645200" m_d="0.300862" m_tx="89.200249" m_ty="-89.663574"/>
  </frame>
  <frame idx="100" w="788" h="668" x="-64.127739" y="-158.155365">
   <element name="heat_lamp" layername="timeline_0" frame="0" z_index="14" m_a="1.248241" m_b="0.000000" m_c="0.000000" m_d="0.635243" m_tx="-325.790985" m_ty="-327.984253"/>
   <element name="lamp" layername="timeline_1" frame="0" z_index="15" m_a="1.248241" m_b="0.000000" m_c="0.000000" m_d="0.635243" m_tx="-325.790985" m_ty="-327.984253"/>
   <element name="lever" layername="timeline_2" frame="0" z_index="16" m_a="0.468583" m_b="1.004881" m_c="-0.449617" m_d="0.209660" m_tx="100.745872" m_ty="-52.188614"/>
  </frame>
  <frame idx="125" w="694" h="965" x="-74.629890" y="-240.261719">
   <element name="heat_lamp" layername="timeline_0" frame="0" z_index="14" m_a="1.065711" m_b="0.000000" m_c="0.000000" m_d="0.903447" m_tx="-278.150543" m_ty="-480.937012"/>
   <element name="lamp" layername="timeline_1" frame="0" z_index="15" m_a="1.065711" m_b="0.000000" m_c="0.000000" m_d="0.903447" m_tx="-278.150543" m_ty="-480.937012"/>
   <element name="lever" layername="timeline_2" frame="0" z_index="16" m_a="0.400062" m_b="0.857937" m_c="-0.639447" m_d="0.298179" m_tx="89.539825" m_ty="-88.561378"/>
  </frame>
  <frame idx="150" w="671" h="1113" x="-99.471825" y="-281.298889">
   <element name="heat_lamp" layername="timeline_0" frame="0" z_index="14" m_a="0.978678" m_b="0.000000" m_c="0.000000" m_d="1.036309" m_tx="-255.434906" m_ty="-556.706848"/>
   <element name="lamp" layername="timeline_1" frame="0" z_index="15" m_a="0.978678" m_b="0.000000" m_c="0.000000" m_d="1.036309" m_tx="-255.434906" m_ty="-556.706848"/>
   <element name="lever" layername="timeline_2" frame="0" z_index="16" m_a="0.367391" m_b="0.787872" m_c="-0.733486" m_d="0.342030" m_tx="84.259369" m_ty="-106.580391"/>
  </frame>
  <frame idx="175" w="669" h="1136" x="-103.453568" y="-287.685730">
   <element name="heat_lamp" layername="timeline_0" frame="0" z_index="14" m_a="0.966684" m_b="0.000000" m_c="0.000000" m_d="1.056733" m_tx="-252.304535" m_ty="-568.354431"/>
   <element name="lamp" layername="timeline_1" frame="0" z_index="15" m_a="0.966684" m_b="0.000000" m_c="0.000000" m_d="1.056733" m_tx="-252.304535" m_ty="-568.354431"/>
   <element name="lever" layername="timeline_2" frame="0" z_index="16" m_a="0.362888" m_b="0.778216" m_c="-0.747942" m_d="0.348771" m_tx="83.558327" m_ty="-109.350601"/>
  </frame>
  <frame idx="200" w="676" h="1072" x="-92.893143" y="-270.000000">
   <element name="heat_lamp" layername="timeline_0" frame="0" z_index="14" m_a="1.000000" m_b="0.000000" m_c="0.000000" m_d="1.000000" m_tx="-261.000000" m_ty="-536.000000"/>
   <element name="lamp" layername="timeline_1" frame="0" z_index="15" m_a="1.000000" m_b="0.000000" m_c="0.000000" m_d="1.000000" m_tx="-261.000000" m_ty="-536.000000"/>
   <element name="lever" layername="timeline_2" frame="0" z_index="16" m_a="0.375395" m_b="0.805037" m_c="-0.707787" m_d="0.330046" m_tx="85.505653" m_ty="-101.655571"/>
  </frame>
  <frame idx="225" w="678" h="1049" x="-88.964691" y="-263.382324">
   <element name="heat_lamp" layername="timeline_0" frame="0" z_index="14" m_a="1.010107" m_b="0.000000" m_c="0.000000" m_d="0.978501" m_tx="-263.637848" m_ty="-523.739624"/>
   <element name="lamp" layername="timeline_1" frame="0" z_index="15" m_a="1.010107" m_b="0.000000" m_c="0.000000" m_d="0.978501" m_tx="-263.637848" m_ty="-523.739624"/>
   <element name="lever" layername="timeline_2" frame="0" z_index="16" m_a="0.379189" m_b="0.813173" m_c="-0.692571" m_d="0.322951" m_tx="86.042366" m_ty="-98.739143"/>
  </frame>
  <frame idx="250" w="677" h="1056" x="-90.140839" y="-265.264893">
   <element name="heat_lamp" layername="timeline_0" frame="0" z_index="14" m_a="1.007081" m_b="0.000000" m_c="0.000000" m_d="0.984938" m_tx="-262.848083" m_ty="-527.410339"/>
   <element name="lamp" layername="timeline_1" frame="0" z_index="15" m_a="1.007081" m_b="0.000000" m_c="0.000000" m_d="0.984938" m_tx="-262.848083" m_ty="-527.410339"/>
   <element name="lever" layername="timeline_2" frame="0" z_index="16" m_a="0.378053" m_b="0.810737" m_c="-0.697126" m_d="0.325075" m_tx="85.881683" m_ty="-99.612305"/>
  </frame>
  <frame idx="275" w="677" h="1077" x="-93.391907" y="-271.301208">
   <element name="heat_lamp" layername="timeline_0" frame="0" z_index="14" m_a="1.000000" m_b="0.000000" m_c="0.000000" m_d="1.003730" m_tx="-261.000000" m_ty="-538.127380"/>
   <element name="lamp" layername="timeline_1" frame="0" z_index="15" m_a="1.000000" m_b="0.000000" m_c="0.000000" m_d="1.003730" m_tx="-261.000000" m_ty="-538.127380"/>
   <element name="lever" layername="timeline_2" frame="0" z_index="16" m_a="0.375395" m_b="0.805037" m_c="-0.710427" m_d="0.331277" m_tx="85.552650" m_ty="-102.161949"/>
  </frame>
  <frame idx="300" w="678" h="1090" x="-94.950470" y="-274.804871">
   <element name="heat_lamp" layername="timeline_0" frame="0" z_index="14" m_a="1.000000" m_b="0.000000" m_c="0.000000" m_d="1.015388" m_tx="-261.000000" m_ty="-544.775330"/>
   <element name="lamp" layername="timeline_1" frame="0" z_index="15" m_a="1.000000" m_b="0.000000" m_c="0.000000" m_d="1.015388" m_tx="-261.000000" m_ty="-544.775330"/>
   <element name="lever" layername="timeline_2" frame="0" z_index="16" m_a="0.375395" m_b="0.805037" m_c="-0.718678" m_d="0.335125" m_tx="85.699532" m_ty="-103.744400"/>
  </frame>
  <frame idx="325" w="677" h="1077" x="-93.437744" y="-271.374817">
   <element name="heat_lamp" layername="timeline_0" frame="0" z_index="14" m_a="1.000000" m_b="0.000000" m_c="0.000000" m_d="1.004073" m_tx="-261.000000" m_ty="-538.322876"/>
   <element name="lamp" layername="timeline_1" frame="0" z_index="15" m_a="1.000000" m_b="0.000000" m_c="0.000000" m_d="1.004073" m_tx="-261.000000" m_ty="-538.322876"/>
   <element name="lever" layername="timeline_2" frame="0" z_index="16" m_a="0.375395" m_b="0.805037" m_c="-0.710669" m_d="0.331391" m_tx="85.556969" m_ty="-102.208496"/>
  </frame>
 </anim>
 <anim name="idle_off" root="heat_lamp" numframes="50" framerate="40">
  <frame idx="0" w="676" h="1072" x="-92.893143" y="-270.000000">
   <element name="heat_lamp" layername="timeline_0" frame="0" z_index="14" m_a="1.000000" m_b="0.000000" m_c="0.000000" m_d="1.000000" m_tx="-261.000000" m_ty="-536.000000"/>
   <element name="lamp" layername="timeline_1" frame="0" z_index="15" m_a="1.000000" m_b="0.000000" m_c="0.000000" m_d="1.000000" m_tx="-261.000000" m_ty="-536.000000"/>
   <element name="lever" layername="timeline_2" frame="0" z_index="16" m_a="0.375395" m_b="0.805037" m_c="-0.707787" m_d="0.330046" m_tx="85.505653" m_ty="-101.655571"/>
  </frame>
  <frame idx="25" w="676" h="1072" x="-92.893143" y="-270.000000">
   <element name="heat_lamp" layername="timeline_0" frame="0" z_index="14" m_a="1.000000" m_b="0.000000" m_c="0.000000" m_d="1.000000" m_tx="-261.000000" m_ty="-536.000000"/>
   <element name="lamp" layername="timeline_1" frame="0" z_index="15" m_a="1.000000" m_b="0.000000" m_c="0.000000" m_d="1.000000" m_tx="-261.000000" m_ty="-536.000000"/>
   <element name="lever" layername="timeline_2" frame="0" z_index="16" m_a="0.375395" m_b="0.805037" m_c="-0.707787" m_d="0.330046" m_tx="85.505653" m_ty="-101.655571"/>
  </frame>
 </anim>
 <anim name="idle_on_disabled" root="heat_lamp" numframes="50" framerate="40">
  <frame idx="0" w="730" h="1072" x="-141.840363" y="-270.000000">
   <element name="heat_lamp" layername="timeline_0" frame="0" z_index="14" m_a="1.000000" m_b="0.000000" m_c="0.000000" m_d="1.000000" m_tx="-261.000000" m_ty="-536.000000"/>
   <element name="lamp" layername="timeline_1" frame="0" z_index="15" m_a="1.000000" m_b="0.000000" m_c="0.000000" m_d="1.000000" m_tx="-261.000000" m_ty="-536.000000"/>
   <element name="lever" layername="timeline_2" frame="0" z_index="16" m_a="-0.509485" m_b="0.727620" m_c="-0.639722" m_d="-0.447938" m_tx="84.506645" m_ty="-87.787796"/>
  </frame>
  <frame idx="25" w="730" h="1072" x="-141.840363" y="-270.000000">
   <element name="heat_lamp" layername="timeline_0" frame="0" z_index="14" m_a="1.000000" m_b="0.000000" m_c="0.000000" m_d="1.000000" m_tx="-261.000000" m_ty="-536.000000"/>
   <element name="lamp" layername="timeline_1" frame="0" z_index="15" m_a="1.000000" m_b="0.000000" m_c="0.000000" m_d="1.000000" m_tx="-261.000000" m_ty="-536.000000"/>
   <element name="lever" layername="timeline_2" frame="0" z_index="16" m_a="-0.509485" m_b="0.727620" m_c="-0.639722" m_d="-0.447938" m_tx="84.506645" m_ty="-87.787796"/>
  </frame>
 </anim>
 <anim name="idle_on" root="heat_lamp" numframes="50" framerate="40">
  <frame idx="0" w="730" h="1072" x="-141.840363" y="-270.000000">
   <element name="heat_lamp" layername="timeline_0" frame="0" z_index="14" m_a="1.000000" m_b="0.000000" m_c="0.000000" m_d="1.000000" m_tx="-261.000000" m_ty="-536.000000"/>
   <element name="lever" layername="timeline_1" frame="0" z_index="16" m_a="-0.509485" m_b="0.727620" m_c="-0.639722" m_d="-0.447938" m_tx="84.506645" m_ty="-87.787796"/>
   <element name="lamp" layername="timeline_2" frame="1" z_index="15" m_a="1.000000" m_b="0.000000" m_c="0.000000" m_d="1.000000" m_tx="-261.000000" m_ty="-536.000000"/>
  </frame>
  <frame idx="25" w="730" h="1072" x="-141.840363" y="-270.000000">
   <element name="heat_lamp" layername="timeline_0" frame="0" z_index="14" m_a="1.000000" m_b="0.000000" m_c="0.000000" m_d="1.000000" m_tx="-261.000000" m_ty="-536.000000"/>
   <element name="lever" layername="timeline_1" frame="0" z_index="16" m_a="-0.509485" m_b="0.727620" m_c="-0.639722" m_d="-0.447938" m_tx="84.506645" m_ty="-87.787796"/>
   <element name="lamp" layername="timeline_2" frame="1" z_index="15" m_a="1.000000" m_b="0.000000" m_c="0.000000" m_d="1.000000" m_tx="-261.000000" m_ty="-536.000000"/>
  </frame>
 </anim>
 <anim name="hit" root="heat_lamp" numframes="350" framerate="40">
  <frame idx="0" w="740" h="1061" x="-144.389038" y="-268.965912">
   <element name="heat_lamp" layername="timeline_0" frame="0" z_index="13" m_a="0.999914" m_b="-0.013090" m_c="0.013090" m_d="0.999914" m_tx="-268.284302" m_ty="-532.499451"/>
   <element name="lever" layername="timeline_1" frame="0" z_index="16" m_a="-0.509485" m_b="0.727620" m_c="-0.639722" m_d="-0.447938" m_tx="82.957962" m_ty="-88.788460"/>
   <element name="lamp" layername="timeline_2" frame="1" z_index="15" m_a="0.999914" m_b="-0.013090" m_c="0.013090" m_d="0.999914" m_tx="-268.284302" m_ty="-532.499451"/>
   <element name="lamp" layername="timeline_3" frame="0" z_index="14" m_a="0.999914" m_b="-0.013090" m_c="0.013090" m_d="0.999914" m_tx="-268.284302" m_ty="-532.499451"/>
  </frame>
  <frame idx="25" w="723" h="1080" x="-140.247147" y="-270.452271">
   <element name="heat_lamp" layername="timeline_0" frame="0" z_index="13" m_a="0.999956" m_b="0.009368" m_c="-0.009368" m_d="0.999956" m_tx="-255.735184" m_ty="-538.395813"/>
   <element name="lever" layername="timeline_1" frame="0" z_index="16" m_a="-0.509485" m_b="0.727620" m_c="-0.639722" m_d="-0.447938" m_tx="85.599854" m_ty="-87.048569"/>
   <element name="lamp" layername="timeline_2" frame="1" z_index="14" m_a="0.999956" m_b="0.009368" m_c="-0.009368" m_d="0.999956" m_tx="-255.735184" m_ty="-538.395813"/>
   <element name="lamp" layername="timeline_3" frame="0" z_index="15" m_a="0.999956" m_b="0.009368" m_c="-0.009368" m_d="0.999956" m_tx="-255.735184" m_ty="-538.395813"/>
  </frame>
  <frame idx="50" w="710" h="1095" x="-137.316589" y="-271.943665">
   <element name="heat_lamp" layername="timeline_0" frame="0" z_index="13" m_a="0.999664" m_b="0.025912" m_c="-0.025912" m_d="0.999664" m_tx="-246.436966" m_ty="-542.626221"/>
   <element name="lever" layername="timeline_1" frame="0" z_index="16" m_a="-0.509485" m_b="0.727620" m_c="-0.639722" m_d="-0.447938" m_tx="87.530403" m_ty="-85.742897"/>
   <element name="lamp" layername="timeline_2" frame="1" z_index="14" m_a="0.999664" m_b="0.025912" m_c="-0.025912" m_d="0.999664" m_tx="-246.436966" m_ty="-542.626221"/>
   <element name="lamp" layername="timeline_3" frame="0" z_index="15" m_a="0.999664" m_b="0.025912" m_c="-0.025912" m_d="0.999664" m_tx="-246.436966" m_ty="-542.626221"/>
  </frame>
  <frame idx="75" w="706" h="1098" x="-136.265656" y="-271.928101">
   <element name="heat_lamp" layername="timeline_0" frame="0" z_index="13" m_a="0.999530" m_b="0.030670" m_c="-0.030670" m_d="0.999530" m_tx="-243.747910" m_ty="-543.811829"/>
   <element name="lever" layername="timeline_1" frame="0" z_index="16" m_a="-0.509485" m_b="0.727620" m_c="-0.639722" m_d="-0.447938" m_tx="88.081352" m_ty="-85.360794"/>
   <element name="lamp" layername="timeline_2" frame="1" z_index="15" m_a="0.999530" m_b="0.030670" m_c="-0.030670" m_d="0.999530" m_tx="-243.747910" m_ty="-543.811829"/>
   <element name="lamp" layername="timeline_3" frame="0" z_index="14" m_a="0.999530" m_b="0.030670" m_c="-0.030670" m_d="0.999530" m_tx="-243.747910" m_ty="-543.811829"/>
  </frame>
  <frame idx="100" w="717" h="1088" x="-138.796051" y="-271.491516">
   <element name="heat_lamp" layername="timeline_0" frame="0" z_index="13" m_a="0.999848" m_b="0.017452" m_c="-0.017452" m_d="0.999848" m_tx="-251.217499" m_ty="-540.518555"/>
   <element name="lever" layername="timeline_1" frame="0" z_index="16" m_a="-0.509485" m_b="0.727620" m_c="-0.639722" m_d="-0.447938" m_tx="86.550941" m_ty="-86.422203"/>
   <element name="lamp" layername="timeline_2" frame="1" z_index="15" m_a="0.999848" m_b="0.017452" m_c="-0.017452" m_d="0.999848" m_tx="-251.217499" m_ty="-540.518555"/>
   <element name="lamp" layername="timeline_3" frame="0" z_index="14" m_a="0.999848" m_b="0.017452" m_c="-0.017452" m_d="0.999848" m_tx="-251.217499" m_ty="-540.518555"/>
  </frame>
  <frame idx="125" w="736" h="1065" x="-143.788147" y="-269.416534">
   <element name="heat_lamp" layername="timeline_0" frame="0" z_index="13" m_a="0.999966" m_b="-0.008213" m_c="0.008213" m_d="0.999966" m_tx="-265.544434" m_ty="-533.748596"/>
   <element name="lever" layername="timeline_1" frame="0" z_index="16" m_a="-0.500106" m_b="0.734098" m_c="-0.645417" m_d="-0.439692" m_tx="83.626472" m_ty="-88.552383"/>
   <element name="lamp" layername="timeline_2" frame="1" z_index="15" m_a="0.999966" m_b="-0.008213" m_c="0.008213" m_d="0.999966" m_tx="-265.544434" m_ty="-533.748596"/>
   <element name="lamp" layername="timeline_3" frame="0" z_index="14" m_a="0.999966" m_b="-0.008213" m_c="0.008213" m_d="0.999966" m_tx="-265.544434" m_ty="-533.748596"/>
  </frame>
  <frame idx="150" w="742" h="1060" x="-145.148285" y="-268.956482">
   <element name="heat_lamp" layername="timeline_0" frame="0" z_index="13" m_a="0.999889" m_b="-0.014914" m_c="0.014914" m_d="0.999889" m_tx="-269.295105" m_ty="-532.002014"/>
   <element name="lever" layername="timeline_1" frame="0" z_index="16" m_a="-0.498577" m_b="0.735138" m_c="-0.646331" m_d="-0.438347" m_tx="82.855827" m_ty="-89.098457"/>
   <element name="lamp" layername="timeline_2" frame="1" z_index="15" m_a="0.999889" m_b="-0.014914" m_c="0.014914" m_d="0.999889" m_tx="-269.295105" m_ty="-532.002014"/>
   <element name="lamp" layername="timeline_3" frame="0" z_index="14" m_a="0.999889" m_b="-0.014914" m_c="0.014914" m_d="0.999889" m_tx="-269.295105" m_ty="-532.002014"/>
  </frame>
  <frame idx="175" w="738" h="1062" x="-144.101410" y="-268.971771">
   <element name="heat_lamp" layername="timeline_0" frame="0" z_index="13" m_a="0.999935" m_b="-0.011371" m_c="0.011371" m_d="0.999935" m_tx="-267.330109" m_ty="-532.963928"/>
   <element name="lever" layername="timeline_1" frame="0" z_index="16" m_a="-0.501178" m_b="0.733366" m_c="-0.644774" m_d="-0.440635" m_tx="83.249924" m_ty="-88.789474"/>
   <element name="lamp" layername="timeline_2" frame="1" z_index="15" m_a="0.999935" m_b="-0.011371" m_c="0.011371" m_d="0.999935" m_tx="-267.330109" m_ty="-532.963928"/>
   <element name="lamp" layername="timeline_3" frame="0" z_index="14" m_a="0.999935" m_b="-0.011371" m_c="0.011371" m_d="0.999935" m_tx="-267.330109" m_ty="-532.963928"/>
  </frame>
  <frame idx="200" w="737" h="1065" x="-143.692688" y="-269.481140">
   <element name="heat_lamp" layername="timeline_0" frame="0" z_index="13" m_a="0.999962" m_b="-0.008727" m_c="0.008727" m_d="0.999962" m_tx="-265.861298" m_ty="-533.676880"/>
   <element name="lever" layername="timeline_1" frame="0" z_index="16" m_a="-0.503116" m_b="0.732038" m_c="-0.643606" m_d="-0.442338" m_tx="83.543266" m_ty="-88.557899"/>
   <element name="lamp" layername="timeline_2" frame="1" z_index="15" m_a="0.999962" m_b="-0.008727" m_c="0.008727" m_d="0.999962" m_tx="-265.861298" m_ty="-533.676880"/>
   <element name="lamp" layername="timeline_3" frame="0" z_index="14" m_a="0.999962" m_b="-0.008727" m_c="0.008727" m_d="0.999962" m_tx="-265.861298" m_ty="-533.676880"/>
  </frame>
  <frame idx="225" w="734" h="1067" x="-143.196350" y="-269.488800">
   <element name="heat_lamp" layername="timeline_0" frame="0" z_index="13" m_a="0.999985" m_b="-0.005518" m_c="0.005518" m_d="0.999985" m_tx="-264.075928" m_ty="-534.534851"/>
   <element name="lever" layername="timeline_1" frame="0" z_index="16" m_a="-0.505462" m_b="0.730421" m_c="-0.642184" m_d="-0.444401" m_tx="83.898087" m_ty="-88.275536"/>
   <element name="lamp" layername="timeline_2" frame="1" z_index="15" m_a="0.999985" m_b="-0.005518" m_c="0.005518" m_d="0.999985" m_tx="-264.075928" m_ty="-534.534851"/>
   <element name="lamp" layername="timeline_3" frame="0" z_index="14" m_a="0.999985" m_b="-0.005518" m_c="0.005518" m_d="0.999985" m_tx="-264.075928" m_ty="-534.534851"/>
  </frame>
  <frame idx="250" w="732" h="1071" x="-142.235321" y="-269.995117">
   <element name="heat_lamp" layername="timeline_0" frame="0" z_index="13" m_a="0.999997" m_b="-0.002544" m_c="0.002544" m_d="0.999997" m_tx="-262.418762" m_ty="-535.326172"/>
   <element name="lever" layername="timeline_1" frame="0" z_index="16" m_a="-0.507632" m_b="0.728914" m_c="-0.640859" m_d="-0.446309" m_tx="84.226372" m_ty="-88.012955"/>
   <element name="lamp" layername="timeline_2" frame="1" z_index="15" m_a="0.999997" m_b="-0.002544" m_c="0.002544" m_d="0.999997" m_tx="-262.418762" m_ty="-535.326172"/>
   <element name="lamp" layername="timeline_3" frame="0" z_index="14" m_a="0.999997" m_b="-0.002544" m_c="0.002544" m_d="0.999997" m_tx="-262.418762" m_ty="-535.326172"/>
  </frame>
  <frame idx="275" w="730" h="1072" x="-141.918793" y="-269.999329">
   <element name="heat_lamp" layername="timeline_0" frame="0" z_index="13" m_a="1.000000" m_b="-0.000505" m_c="0.000505" m_d="1.000000" m_tx="-261.281891" m_ty="-535.866699"/>
   <element name="lever" layername="timeline_1" frame="0" z_index="16" m_a="-0.509117" m_b="0.727877" m_c="-0.639948" m_d="-0.447615" m_tx="84.451073" m_ty="-87.832596"/>
   <element name="lamp" layername="timeline_2" frame="1" z_index="15" m_a="1.000000" m_b="-0.000505" m_c="0.000505" m_d="1.000000" m_tx="-261.281891" m_ty="-535.866699"/>
   <element name="lamp" layername="timeline_3" frame="0" z_index="14" m_a="1.000000" m_b="-0.000505" m_c="0.000505" m_d="1.000000" m_tx="-261.281891" m_ty="-535.866699"/>
  </frame>
  <frame idx="300" w="730" h="1072" x="-141.867462" y="-269.999817">
   <element name="heat_lamp" layername="timeline_0" frame="0" z_index="13" m_a="1.000000" m_b="-0.000175" m_c="0.000175" m_d="1.000000" m_tx="-261.097412" m_ty="-535.953979"/>
   <element name="lever" layername="timeline_1" frame="0" z_index="16" m_a="-0.509358" m_b="0.727709" m_c="-0.639800" m_d="-0.447826" m_tx="84.487442" m_ty="-87.803276"/>
   <element name="lamp" layername="timeline_2" frame="1" z_index="15" m_a="1.000000" m_b="-0.000175" m_c="0.000175" m_d="1.000000" m_tx="-261.097412" m_ty="-535.953979"/>
   <element name="lamp" layername="timeline_3" frame="0" z_index="14" m_a="1.000000" m_b="-0.000175" m_c="0.000175" m_d="1.000000" m_tx="-261.097412" m_ty="-535.953979"/>
  </frame>
  <frame idx="325" w="730" h="1072" x="-141.847534" y="-269.999939">
   <element name="heat_lamp" layername="timeline_0" frame="0" z_index="13" m_a="1.000000" m_b="-0.000046" m_c="0.000046" m_d="1.000000" m_tx="-261.025787" m_ty="-535.987793"/>
   <element name="lever" layername="timeline_1" frame="0" z_index="16" m_a="-0.509451" m_b="0.727644" m_c="-0.639742" m_d="-0.447908" m_tx="84.501564" m_ty="-87.791885"/>
   <element name="lamp" layername="timeline_2" frame="1" z_index="15" m_a="1.000000" m_b="-0.000046" m_c="0.000046" m_d="1.000000" m_tx="-261.025787" m_ty="-535.987793"/>
   <element name="lamp" layername="timeline_3" frame="0" z_index="14" m_a="1.000000" m_b="-0.000046" m_c="0.000046" m_d="1.000000" m_tx="-261.025787" m_ty="-535.987793"/>
  </frame>
 </anim>
</Anims>
